prompt_id,L1,speaker,alpha,wer
arctic_b0193,Chinese,BWC,0.0,0.4
arctic_b0193,Chinese,BWC,0.25,0.2
arctic_b0193,Chinese,BWC,0.5,0.2
arctic_b0193,Chinese,BWC,0.75,0.2
arctic_b0193,Chinese,BWC,0.9,0.2
arctic_b0193,Chinese,BWC,1.0,0.2
arctic_b0193,Spanish,EBVS,0.0,1.0
arctic_b0193,Spanish,EBVS,0.25,0.8
arctic_b0193,Spanish,EBVS,0.5,0.2
arctic_b0193,Spanish,EBVS,0.75,0.2
arctic_b0193,Spanish,EBVS,0.9,0.2
arctic_b0193,Spanish,EBVS,1.0,0.2
arctic_b0193,Korean,HJK,0.0,0.4
arctic_b0193,Korean,HJK,0.25,0.2
arctic_b0193,Korean,HJK,0.5,0.2
arctic_b0193,Korean,HJK,0.75,0.2
arctic_b0193,Korean,HJK,0.9,0.2
arctic_b0193,Korean,HJK,1.0,0.2
arctic_b0193,Vietnamese,HQTV,0.0,0.4
arctic_b0193,Vietnamese,HQTV,0.25,0.6
arctic_b0193,Vietnamese,HQTV,0.5,0.4
arctic_b0193,Vietnamese,HQTV,0.75,0.2
arctic_b0193,Vietnamese,HQTV,0.9,0.2
arctic_b0193,Vietnamese,HQTV,1.0,0.2
arctic_b0193,Hindi,SVBI,0.0,0.4
arctic_b0193,Hindi,SVBI,0.25,0.2
arctic_b0193,Hindi,SVBI,0.5,0.2
arctic_b0193,Hindi,SVBI,0.75,0.2
arctic_b0193,Hindi,SVBI,0.9,0.2
arctic_b0193,Hindi,SVBI,1.0,0.2
arctic_b0193,Arabic,ZHAA,0.0,0.2
arctic_b0193,Arabic,ZHAA,0.25,0.2
arctic_b0193,Arabic,ZHAA,0.5,0.2
arctic_b0193,Arabic,ZHAA,0.75,0.2
arctic_b0193,Arabic,ZHAA,0.9,0.2
arctic_b0193,Arabic,ZHAA,1.0,0.2
arctic_b0308,Chinese,BWC,0.0,0.0
arctic_b0308,Chinese,BWC,0.25,0.0
arctic_b0308,Chinese,BWC,0.5,0.0
arctic_b0308,Chinese,BWC,0.75,0.0
arctic_b0308,Chinese,BWC,0.9,0.0
arctic_b0308,Chinese,BWC,1.0,0.0
arctic_b0308,Spanish,EBVS,0.0,0.0
arctic_b0308,Spanish,EBVS,0.25,0.0
arctic_b0308,Spanish,EBVS,0.5,0.0
arctic_b0308,Spanish,EBVS,0.75,0.0
arctic_b0308,Spanish,EBVS,0.9,0.0
arctic_b0308,Spanish,EBVS,1.0,0.0
arctic_b0308,Korean,HJK,0.0,0.0
arctic_b0308,Korean,HJK,0.25,0.0
arctic_b0308,Korean,HJK,0.5,0.0
arctic_b0308,Korean,HJK,0.75,0.0
arctic_b0308,Korean,HJK,0.9,0.0
arctic_b0308,Korean,HJK,1.0,0.0
arctic_b0308,Vietnamese,HQTV,0.0,0.2
arctic_b0308,Vietnamese,HQTV,0.25,0.2
arctic_b0308,Vietnamese,HQTV,0.5,0.0
arctic_b0308,Vietnamese,HQTV,0.75,0.0
arctic_b0308,Vietnamese,HQTV,0.9,0.0
arctic_b0308,Vietnamese,HQTV,1.0,0.0
arctic_b0308,Hindi,SVBI,0.0,0.0
arctic_b0308,Hindi,SVBI,0.25,0.0
arctic_b0308,Hindi,SVBI,0.5,0.0
arctic_b0308,Hindi,SVBI,0.75,0.0
arctic_b0308,Hindi,SVBI,0.9,0.0
arctic_b0308,Hindi,SVBI,1.0,0.0
arctic_b0308,Arabic,ZHAA,0.0,0.0
arctic_b0308,Arabic,ZHAA,0.25,0.0
arctic_b0308,Arabic,ZHAA,0.5,0.0
arctic_b0308,Arabic,ZHAA,0.75,0.0
arctic_b0308,Arabic,ZHAA,0.9,0.0
arctic_b0308,Arabic,ZHAA,1.0,0.0
arctic_a0414,Chinese,BWC,0.0,0.5
arctic_a0414,Chinese,BWC,0.25,0.5
arctic_a0414,Chinese,BWC,0.5,0.3333333333333333
arctic_a0414,Chinese,BWC,0.75,0.3333333333333333
arctic_a0414,Chinese,BWC,0.9,0.3333333333333333
arctic_a0414,Chinese,BWC,1.0,0.3333333333333333
arctic_a0414,Spanish,EBVS,0.0,0.5
arctic_a0414,Spanish,EBVS,0.25,0.3333333333333333
arctic_a0414,Spanish,EBVS,0.5,0.3333333333333333
arctic_a0414,Spanish,EBVS,0.75,0.3333333333333333
arctic_a0414,Spanish,EBVS,0.9,0.3333333333333333
arctic_a0414,Spanish,EBVS,1.0,0.3333333333333333
arctic_a0414,Korean,HJK,0.0,0.3333333333333333
arctic_a0414,Korean,HJK,0.25,0.3333333333333333
arctic_a0414,Korean,HJK,0.5,0.3333333333333333
arctic_a0414,Korean,HJK,0.75,0.3333333333333333
arctic_a0414,Korean,HJK,0.9,0.3333333333333333
arctic_a0414,Korean,HJK,1.0,0.3333333333333333
arctic_a0414,Vietnamese,HQTV,0.0,0.3333333333333333
arctic_a0414,Vietnamese,HQTV,0.25,0.3333333333333333
arctic_a0414,Vietnamese,HQTV,0.5,0.3333333333333333
arctic_a0414,Vietnamese,HQTV,0.75,0.3333333333333333
arctic_a0414,Vietnamese,HQTV,0.9,0.3333333333333333
arctic_a0414,Vietnamese,HQTV,1.0,0.3333333333333333
arctic_a0414,Hindi,SVBI,0.0,0.3333333333333333
arctic_a0414,Hindi,SVBI,0.25,0.3333333333333333
arctic_a0414,Hindi,SVBI,0.5,0.3333333333333333
arctic_a0414,Hindi,SVBI,0.75,0.3333333333333333
arctic_a0414,Hindi,SVBI,0.9,0.3333333333333333
arctic_a0414,Hindi,SVBI,1.0,0.3333333333333333
arctic_a0414,Arabic,ZHAA,0.0,0.3333333333333333
arctic_a0414,Arabic,ZHAA,0.25,0.3333333333333333
arctic_a0414,Arabic,ZHAA,0.5,0.3333333333333333
arctic_a0414,Arabic,ZHAA,0.75,0.3333333333333333
arctic_a0414,Arabic,ZHAA,0.9,0.3333333333333333
arctic_a0414,Arabic,ZHAA,1.0,0.3333333333333333
arctic_a0468,Chinese,BWC,0.0,0.3
arctic_a0468,Chinese,BWC,0.25,0.1
arctic_a0468,Chinese,BWC,0.5,0.1
arctic_a0468,Chinese,BWC,0.75,0.0
arctic_a0468,Chinese,BWC,0.9,0.0
arctic_a0468,Chinese,BWC,1.0,0.0
arctic_a0468,Spanish,EBVS,0.0,0.4
arctic_a0468,Spanish,EBVS,0.25,0.2
arctic_a0468,Spanish,EBVS,0.5,0.0
arctic_a0468,Spanish,EBVS,0.75,0.0
arctic_a0468,Spanish,EBVS,0.9,0.0
arctic_a0468,Spanish,EBVS,1.0,0.0
arctic_a0468,Korean,HJK,0.0,0.0
arctic_a0468,Korean,HJK,0.25,0.0
arctic_a0468,Korean,HJK,0.5,0.0
arctic_a0468,Korean,HJK,0.75,0.0
arctic_a0468,Korean,HJK,0.9,0.0
arctic_a0468,Korean,HJK,1.0,0.0
arctic_a0468,Vietnamese,HQTV,0.0,0.5
arctic_a0468,Vietnamese,HQTV,0.25,0.0
arctic_a0468,Vietnamese,HQTV,0.5,0.0
arctic_a0468,Vietnamese,HQTV,0.75,0.0
arctic_a0468,Vietnamese,HQTV,0.9,0.0
arctic_a0468,Vietnamese,HQTV,1.0,0.0
arctic_a0468,Hindi,SVBI,0.0,0.0
arctic_a0468,Hindi,SVBI,0.25,0.0
arctic_a0468,Hindi,SVBI,0.5,0.0
arctic_a0468,Hindi,SVBI,0.75,0.0
arctic_a0468,Hindi,SVBI,0.9,0.0
arctic_a0468,Hindi,SVBI,1.0,0.0
arctic_a0468,Arabic,ZHAA,0.0,0.3
arctic_a0468,Arabic,ZHAA,0.25,0.1
arctic_a0468,Arabic,ZHAA,0.5,0.1
arctic_a0468,Arabic,ZHAA,0.75,0.0
arctic_a0468,Arabic,ZHAA,0.9,0.0
arctic_a0468,Arabic,ZHAA,1.0,0.0
arctic_b0155,Chinese,BWC,0.0,0.2222222222222222
arctic_b0155,Chinese,BWC,0.25,0.1111111111111111
arctic_b0155,Chinese,BWC,0.5,0.0
arctic_b0155,Chinese,BWC,0.75,0.0
arctic_b0155,Chinese,BWC,0.9,0.0
arctic_b0155,Chinese,BWC,1.0,0.0
arctic_b0155,Spanish,EBVS,0.0,0.4444444444444444
arctic_b0155,Spanish,EBVS,0.25,0.4444444444444444
arctic_b0155,Spanish,EBVS,0.5,24.444444444444443
arctic_b0155,Spanish,EBVS,0.75,0.1111111111111111
arctic_b0155,Spanish,EBVS,0.9,0.0
arctic_b0155,Spanish,EBVS,1.0,0.0
arctic_b0155,Korean,HJK,0.0,0.0
arctic_b0155,Korean,HJK,0.25,0.0
arctic_b0155,Korean,HJK,0.5,0.0
arctic_b0155,Korean,HJK,0.75,0.0
arctic_b0155,Korean,HJK,0.9,0.0
arctic_b0155,Korean,HJK,1.0,0.0
arctic_b0155,Vietnamese,HQTV,0.0,0.2222222222222222
arctic_b0155,Vietnamese,HQTV,0.25,0.2222222222222222
arctic_b0155,Vietnamese,HQTV,0.5,0.1111111111111111
arctic_b0155,Vietnamese,HQTV,0.75,0.2222222222222222
arctic_b0155,Vietnamese,HQTV,0.9,0.0
arctic_b0155,Vietnamese,HQTV,1.0,0.0
arctic_b0155,Hindi,SVBI,0.0,0.3333333333333333
arctic_b0155,Hindi,SVBI,0.25,0.0
arctic_b0155,Hindi,SVBI,0.5,0.0
arctic_b0155,Hindi,SVBI,0.75,0.0
arctic_b0155,Hindi,SVBI,0.9,0.0
arctic_b0155,Hindi,SVBI,1.0,0.0
arctic_b0155,Arabic,ZHAA,0.0,0.3333333333333333
arctic_b0155,Arabic,ZHAA,0.25,0.0
arctic_b0155,Arabic,ZHAA,0.5,0.1111111111111111
arctic_b0155,Arabic,ZHAA,0.75,0.0
arctic_b0155,Arabic,ZHAA,0.9,0.0
arctic_b0155,Arabic,ZHAA,1.0,0.0
arctic_a0110,Chinese,BWC,0.0,0.6
arctic_a0110,Chinese,BWC,0.25,0.4
arctic_a0110,Chinese,BWC,0.5,0.2
arctic_a0110,Chinese,BWC,0.75,0.4
arctic_a0110,Chinese,BWC,0.9,0.4
arctic_a0110,Chinese,BWC,1.0,0.4
arctic_a0110,Spanish,EBVS,0.0,0.6
arctic_a0110,Spanish,EBVS,0.25,0.2
arctic_a0110,Spanish,EBVS,0.5,0.4
arctic_a0110,Spanish,EBVS,0.75,0.4
arctic_a0110,Spanish,EBVS,0.9,0.4
arctic_a0110,Spanish,EBVS,1.0,0.4
arctic_a0110,Korean,HJK,0.0,0.6
arctic_a0110,Korean,HJK,0.25,0.4
arctic_a0110,Korean,HJK,0.5,0.4
arctic_a0110,Korean,HJK,0.75,0.4
arctic_a0110,Korean,HJK,0.9,0.4
arctic_a0110,Korean,HJK,1.0,0.4
arctic_a0110,Vietnamese,HQTV,0.0,0.8
arctic_a0110,Vietnamese,HQTV,0.25,0.6
arctic_a0110,Vietnamese,HQTV,0.5,0.6
arctic_a0110,Vietnamese,HQTV,0.75,0.4
arctic_a0110,Vietnamese,HQTV,0.9,0.4
arctic_a0110,Vietnamese,HQTV,1.0,0.4
arctic_a0110,Hindi,SVBI,0.0,0.4
arctic_a0110,Hindi,SVBI,0.25,0.4
arctic_a0110,Hindi,SVBI,0.5,0.4
arctic_a0110,Hindi,SVBI,0.75,0.4
arctic_a0110,Hindi,SVBI,0.9,0.4
arctic_a0110,Hindi,SVBI,1.0,0.4
arctic_a0110,Arabic,ZHAA,0.0,0.6
arctic_a0110,Arabic,ZHAA,0.25,0.4
arctic_a0110,Arabic,ZHAA,0.5,0.4
arctic_a0110,Arabic,ZHAA,0.75,0.2
arctic_a0110,Arabic,ZHAA,0.9,0.4
arctic_a0110,Arabic,ZHAA,1.0,0.4
arctic_a0524,Chinese,BWC,0.0,0.6
arctic_a0524,Chinese,BWC,0.25,0.3
arctic_a0524,Chinese,BWC,0.5,0.2
arctic_a0524,Chinese,BWC,0.75,0.0
arctic_a0524,Chinese,BWC,0.9,0.0
arctic_a0524,Chinese,BWC,1.0,0.0
arctic_a0524,Spanish,EBVS,0.0,0.8
arctic_a0524,Spanish,EBVS,0.25,0.3
arctic_a0524,Spanish,EBVS,0.5,0.0
arctic_a0524,Spanish,EBVS,0.75,0.0
arctic_a0524,Spanish,EBVS,0.9,0.0
arctic_a0524,Spanish,EBVS,1.0,0.0
arctic_a0524,Korean,HJK,0.0,0.2
arctic_a0524,Korean,HJK,0.25,0.0
arctic_a0524,Korean,HJK,0.5,0.0
arctic_a0524,Korean,HJK,0.75,0.0
arctic_a0524,Korean,HJK,0.9,0.0
arctic_a0524,Korean,HJK,1.0,0.0
arctic_a0524,Vietnamese,HQTV,0.0,0.2
arctic_a0524,Vietnamese,HQTV,0.25,0.0
arctic_a0524,Vietnamese,HQTV,0.5,0.4
arctic_a0524,Vietnamese,HQTV,0.75,0.0
arctic_a0524,Vietnamese,HQTV,0.9,0.0
arctic_a0524,Vietnamese,HQTV,1.0,0.0
arctic_a0524,Hindi,SVBI,0.0,0.0
arctic_a0524,Hindi,SVBI,0.25,0.0
arctic_a0524,Hindi,SVBI,0.5,0.0
arctic_a0524,Hindi,SVBI,0.75,0.0
arctic_a0524,Hindi,SVBI,0.9,0.0
arctic_a0524,Hindi,SVBI,1.0,0.0
arctic_a0524,Arabic,ZHAA,0.0,0.1
arctic_a0524,Arabic,ZHAA,0.25,0.0
arctic_a0524,Arabic,ZHAA,0.5,0.0
arctic_a0524,Arabic,ZHAA,0.75,0.0
arctic_a0524,Arabic,ZHAA,0.9,0.0
arctic_a0524,Arabic,ZHAA,1.0,0.0
arctic_a0057,Chinese,BWC,0.0,0.16666666666666666
arctic_a0057,Chinese,BWC,0.25,0.16666666666666666
arctic_a0057,Chinese,BWC,0.5,0.0
arctic_a0057,Chinese,BWC,0.75,0.0
arctic_a0057,Chinese,BWC,0.9,0.0
arctic_a0057,Chinese,BWC,1.0,0.0
arctic_a0057,Spanish,EBVS,0.0,0.0
arctic_a0057,Spanish,EBVS,0.25,0.0
arctic_a0057,Spanish,EBVS,0.5,0.0
arctic_a0057,Spanish,EBVS,0.75,0.0
arctic_a0057,Spanish,EBVS,0.9,0.0
arctic_a0057,Spanish,EBVS,1.0,0.0
arctic_a0057,Korean,HJK,0.0,0.0
arctic_a0057,Korean,HJK,0.25,0.0
arctic_a0057,Korean,HJK,0.5,0.0
arctic_a0057,Korean,HJK,0.75,0.0
arctic_a0057,Korean,HJK,0.9,0.0
arctic_a0057,Korean,HJK,1.0,0.0
arctic_a0057,Vietnamese,HQTV,0.0,0.3333333333333333
arctic_a0057,Vietnamese,HQTV,0.25,0.0
arctic_a0057,Vietnamese,HQTV,0.5,0.0
arctic_a0057,Vietnamese,HQTV,0.75,0.0
arctic_a0057,Vietnamese,HQTV,0.9,0.0
arctic_a0057,Vietnamese,HQTV,1.0,0.0
arctic_a0057,Hindi,SVBI,0.0,0.0
arctic_a0057,Hindi,SVBI,0.25,0.16666666666666666
arctic_a0057,Hindi,SVBI,0.5,0.0
arctic_a0057,Hindi,SVBI,0.75,0.16666666666666666
arctic_a0057,Hindi,SVBI,0.9,0.0
arctic_a0057,Hindi,SVBI,1.0,0.0
arctic_a0057,Arabic,ZHAA,0.0,0.0
arctic_a0057,Arabic,ZHAA,0.25,0.0
arctic_a0057,Arabic,ZHAA,0.5,0.0
arctic_a0057,Arabic,ZHAA,0.75,0.0
arctic_a0057,Arabic,ZHAA,0.9,0.0
arctic_a0057,Arabic,ZHAA,1.0,0.0
arctic_b0518,Chinese,BWC,0.0,0.0
arctic_b0518,Chinese,BWC,0.25,0.0
arctic_b0518,Chinese,BWC,0.5,0.0
arctic_b0518,Chinese,BWC,0.75,0.0
arctic_b0518,Chinese,BWC,0.9,0.0
arctic_b0518,Chinese,BWC,1.0,0.0
arctic_b0518,Korean,HJK,0.0,0.0
arctic_b0518,Korean,HJK,0.25,0.0
arctic_b0518,Korean,HJK,0.5,0.0
arctic_b0518,Korean,HJK,0.75,0.0
arctic_b0518,Korean,HJK,0.9,0.0
arctic_b0518,Korean,HJK,1.0,0.0
arctic_b0518,Vietnamese,HQTV,0.0,0.3
arctic_b0518,Vietnamese,HQTV,0.25,0.2
arctic_b0518,Vietnamese,HQTV,0.5,0.2
arctic_b0518,Vietnamese,HQTV,0.75,0.0
arctic_b0518,Vietnamese,HQTV,0.9,0.0
arctic_b0518,Vietnamese,HQTV,1.0,0.0
arctic_b0518,Hindi,SVBI,0.0,0.0
arctic_b0518,Hindi,SVBI,0.25,0.0
arctic_b0518,Hindi,SVBI,0.5,0.0
arctic_b0518,Hindi,SVBI,0.75,0.0
arctic_b0518,Hindi,SVBI,0.9,0.0
arctic_b0518,Hindi,SVBI,1.0,0.0
arctic_b0518,Arabic,ZHAA,0.0,0.0
arctic_b0518,Arabic,ZHAA,0.25,0.0
arctic_b0518,Arabic,ZHAA,0.5,0.0
arctic_b0518,Arabic,ZHAA,0.75,0.0
arctic_b0518,Arabic,ZHAA,0.9,0.0
arctic_b0518,Arabic,ZHAA,1.0,0.0
arctic_b0226,Chinese,BWC,0.0,0.2857142857142857
arctic_b0226,Chinese,BWC,0.25,0.14285714285714285
arctic_b0226,Chinese,BWC,0.5,0.0
arctic_b0226,Chinese,BWC,0.75,0.0
arctic_b0226,Chinese,BWC,0.9,0.0
arctic_b0226,Chinese,BWC,1.0,0.0
arctic_b0226,Spanish,EBVS,0.0,0.14285714285714285
arctic_b0226,Spanish,EBVS,0.25,0.14285714285714285
arctic_b0226,Spanish,EBVS,0.5,0.0
arctic_b0226,Spanish,EBVS,0.75,0.0
arctic_b0226,Spanish,EBVS,0.9,0.0
arctic_b0226,Spanish,EBVS,1.0,0.0
arctic_b0226,Korean,HJK,0.0,0.0
arctic_b0226,Korean,HJK,0.25,0.0
arctic_b0226,Korean,HJK,0.5,0.0
arctic_b0226,Korean,HJK,0.75,0.0
arctic_b0226,Korean,HJK,0.9,0.0
arctic_b0226,Korean,HJK,1.0,0.0
arctic_b0226,Vietnamese,HQTV,0.0,0.14285714285714285
arctic_b0226,Vietnamese,HQTV,0.25,0.0
arctic_b0226,Vietnamese,HQTV,0.5,0.0
arctic_b0226,Vietnamese,HQTV,0.75,0.0
arctic_b0226,Vietnamese,HQTV,0.9,0.0
arctic_b0226,Vietnamese,HQTV,1.0,0.0
arctic_b0226,Hindi,SVBI,0.0,0.0
arctic_b0226,Hindi,SVBI,0.25,0.0
arctic_b0226,Hindi,SVBI,0.5,0.0
arctic_b0226,Hindi,SVBI,0.75,0.0
arctic_b0226,Hindi,SVBI,0.9,0.0
arctic_b0226,Hindi,SVBI,1.0,0.0
arctic_b0226,Arabic,ZHAA,0.0,0.0
arctic_b0226,Arabic,ZHAA,0.25,0.0
arctic_b0226,Arabic,ZHAA,0.5,0.0
arctic_b0226,Arabic,ZHAA,0.75,0.0
arctic_b0226,Arabic,ZHAA,0.9,0.0
arctic_b0226,Arabic,ZHAA,1.0,0.0
arctic_b0171,Chinese,BWC,0.0,0.0
arctic_b0171,Chinese,BWC,0.25,0.0
arctic_b0171,Chinese,BWC,0.5,0.0
arctic_b0171,Chinese,BWC,0.75,0.0
arctic_b0171,Chinese,BWC,0.9,0.0
arctic_b0171,Chinese,BWC,1.0,0.0
arctic_b0171,Spanish,EBVS,0.0,0.1111111111111111
arctic_b0171,Spanish,EBVS,0.25,0.1111111111111111
arctic_b0171,Spanish,EBVS,0.5,0.1111111111111111
arctic_b0171,Spanish,EBVS,0.75,0.0
arctic_b0171,Spanish,EBVS,0.9,0.0
arctic_b0171,Spanish,EBVS,1.0,0.0
arctic_b0171,Korean,HJK,0.0,0.1111111111111111
arctic_b0171,Korean,HJK,0.25,0.1111111111111111
arctic_b0171,Korean,HJK,0.5,0.0
arctic_b0171,Korean,HJK,0.75,0.0
arctic_b0171,Korean,HJK,0.9,0.0
arctic_b0171,Korean,HJK,1.0,0.0
arctic_b0171,Vietnamese,HQTV,0.0,0.3333333333333333
arctic_b0171,Vietnamese,HQTV,0.25,0.3333333333333333
arctic_b0171,Vietnamese,HQTV,0.5,0.0
arctic_b0171,Vietnamese,HQTV,0.75,0.0
arctic_b0171,Vietnamese,HQTV,0.9,0.0
arctic_b0171,Vietnamese,HQTV,1.0,0.0
arctic_b0171,Hindi,SVBI,0.0,0.0
arctic_b0171,Hindi,SVBI,0.25,0.0
arctic_b0171,Hindi,SVBI,0.5,0.0
arctic_b0171,Hindi,SVBI,0.75,0.0
arctic_b0171,Hindi,SVBI,0.9,0.0
arctic_b0171,Hindi,SVBI,1.0,0.0
arctic_b0171,Arabic,ZHAA,0.0,0.0
arctic_b0171,Arabic,ZHAA,0.25,0.0
arctic_b0171,Arabic,ZHAA,0.5,0.0
arctic_b0171,Arabic,ZHAA,0.75,0.0
arctic_b0171,Arabic,ZHAA,0.9,0.0
arctic_b0171,Arabic,ZHAA,1.0,0.0
arctic_a0087,Chinese,BWC,0.0,0.4166666666666667
arctic_a0087,Chinese,BWC,0.25,0.5833333333333334
arctic_a0087,Chinese,BWC,0.5,0.6666666666666666
arctic_a0087,Chinese,BWC,0.75,0.0
arctic_a0087,Chinese,BWC,0.9,0.0
arctic_a0087,Chinese,BWC,1.0,0.0
arctic_a0087,Spanish,EBVS,0.0,0.08333333333333333
arctic_a0087,Spanish,EBVS,0.25,0.0
arctic_a0087,Spanish,EBVS,0.5,0.0
arctic_a0087,Spanish,EBVS,0.75,0.0
arctic_a0087,Spanish,EBVS,0.9,0.0
arctic_a0087,Spanish,EBVS,1.0,0.0
arctic_a0087,Korean,HJK,0.0,0.0
arctic_a0087,Korean,HJK,0.25,0.0
arctic_a0087,Korean,HJK,0.5,0.0
arctic_a0087,Korean,HJK,0.75,0.0
arctic_a0087,Korean,HJK,0.9,0.0
arctic_a0087,Korean,HJK,1.0,0.0
arctic_a0087,Vietnamese,HQTV,0.0,0.25
arctic_a0087,Vietnamese,HQTV,0.25,0.0
arctic_a0087,Vietnamese,HQTV,0.5,0.0
arctic_a0087,Vietnamese,HQTV,0.75,0.0
arctic_a0087,Vietnamese,HQTV,0.9,0.0
arctic_a0087,Vietnamese,HQTV,1.0,0.0
arctic_a0087,Hindi,SVBI,0.0,0.0
arctic_a0087,Hindi,SVBI,0.25,0.0
arctic_a0087,Hindi,SVBI,0.5,0.0
arctic_a0087,Hindi,SVBI,0.75,0.0
arctic_a0087,Hindi,SVBI,0.9,0.0
arctic_a0087,Hindi,SVBI,1.0,0.0
arctic_a0087,Arabic,ZHAA,0.0,0.3333333333333333
arctic_a0087,Arabic,ZHAA,0.25,0.0
arctic_a0087,Arabic,ZHAA,0.5,0.0
arctic_a0087,Arabic,ZHAA,0.75,0.0
arctic_a0087,Arabic,ZHAA,0.9,0.0
arctic_a0087,Arabic,ZHAA,1.0,0.0
arctic_b0028,Chinese,BWC,0.0,0.3333333333333333
arctic_b0028,Chinese,BWC,0.25,0.3333333333333333
arctic_b0028,Chinese,BWC,0.5,0.3333333333333333
arctic_b0028,Chinese,BWC,0.75,0.1111111111111111
arctic_b0028,Chinese,BWC,0.9,0.1111111111111111
arctic_b0028,Chinese,BWC,1.0,0.1111111111111111
arctic_b0028,Spanish,EBVS,0.0,0.2222222222222222
arctic_b0028,Spanish,EBVS,0.25,0.3333333333333333
arctic_b0028,Spanish,EBVS,0.5,0.0
arctic_b0028,Spanish,EBVS,0.75,0.0
arctic_b0028,Spanish,EBVS,0.9,0.0
arctic_b0028,Spanish,EBVS,1.0,0.0
arctic_b0028,Korean,HJK,0.0,0.1111111111111111
arctic_b0028,Korean,HJK,0.25,0.1111111111111111
arctic_b0028,Korean,HJK,0.5,0.0
arctic_b0028,Korean,HJK,0.75,0.0
arctic_b0028,Korean,HJK,0.9,0.0
arctic_b0028,Korean,HJK,1.0,0.0
arctic_b0028,Vietnamese,HQTV,0.0,0.3333333333333333
arctic_b0028,Vietnamese,HQTV,0.25,0.3333333333333333
arctic_b0028,Vietnamese,HQTV,0.5,0.0
arctic_b0028,Vietnamese,HQTV,0.75,0.0
arctic_b0028,Vietnamese,HQTV,0.9,0.0
arctic_b0028,Vietnamese,HQTV,1.0,0.0
arctic_b0028,Hindi,SVBI,0.0,0.0
arctic_b0028,Hindi,SVBI,0.25,0.0
arctic_b0028,Hindi,SVBI,0.5,0.0
arctic_b0028,Hindi,SVBI,0.75,0.0
arctic_b0028,Hindi,SVBI,0.9,0.0
arctic_b0028,Hindi,SVBI,1.0,0.0
arctic_b0028,Arabic,ZHAA,0.0,0.3333333333333333
arctic_b0028,Arabic,ZHAA,0.25,0.0
arctic_b0028,Arabic,ZHAA,0.5,0.0
arctic_b0028,Arabic,ZHAA,0.75,0.0
arctic_b0028,Arabic,ZHAA,0.9,0.0
arctic_b0028,Arabic,ZHAA,1.0,0.0
arctic_b0177,Chinese,BWC,0.0,0.0
arctic_b0177,Chinese,BWC,0.25,0.0
arctic_b0177,Chinese,BWC,0.5,0.0
arctic_b0177,Chinese,BWC,0.75,0.0
arctic_b0177,Chinese,BWC,0.9,0.0
arctic_b0177,Chinese,BWC,1.0,0.0
arctic_b0177,Spanish,EBVS,0.0,0.1
arctic_b0177,Spanish,EBVS,0.25,0.1
arctic_b0177,Spanish,EBVS,0.5,0.1
arctic_b0177,Spanish,EBVS,0.75,0.0
arctic_b0177,Spanish,EBVS,0.9,0.0
arctic_b0177,Spanish,EBVS,1.0,0.0
arctic_b0177,Korean,HJK,0.0,0.1
arctic_b0177,Korean,HJK,0.25,0.1
arctic_b0177,Korean,HJK,0.5,0.1
arctic_b0177,Korean,HJK,0.75,0.1
arctic_b0177,Korean,HJK,0.9,0.0
arctic_b0177,Korean,HJK,1.0,0.0
arctic_b0177,Vietnamese,HQTV,0.0,0.3
arctic_b0177,Vietnamese,HQTV,0.25,0.1
arctic_b0177,Vietnamese,HQTV,0.5,0.0
arctic_b0177,Vietnamese,HQTV,0.75,0.0
arctic_b0177,Vietnamese,HQTV,0.9,0.0
arctic_b0177,Vietnamese,HQTV,1.0,0.0
arctic_b0177,Hindi,SVBI,0.0,0.1
arctic_b0177,Hindi,SVBI,0.25,0.1
arctic_b0177,Hindi,SVBI,0.5,0.1
arctic_b0177,Hindi,SVBI,0.75,0.1
arctic_b0177,Hindi,SVBI,0.9,0.0
arctic_b0177,Hindi,SVBI,1.0,0.0
arctic_b0177,Arabic,ZHAA,0.0,0.1
arctic_b0177,Arabic,ZHAA,0.25,0.1
arctic_b0177,Arabic,ZHAA,0.5,0.1
arctic_b0177,Arabic,ZHAA,0.75,0.0
arctic_b0177,Arabic,ZHAA,0.9,0.0
arctic_b0177,Arabic,ZHAA,1.0,0.0
arctic_b0312,Chinese,BWC,0.0,0.875
arctic_b0312,Chinese,BWC,0.25,0.375
arctic_b0312,Chinese,BWC,0.5,0.125
arctic_b0312,Chinese,BWC,0.75,0.0
arctic_b0312,Chinese,BWC,0.9,0.0
arctic_b0312,Chinese,BWC,1.0,0.0
arctic_b0312,Spanish,EBVS,0.0,0.625
arctic_b0312,Spanish,EBVS,0.25,0.375
arctic_b0312,Spanish,EBVS,0.5,0.125
arctic_b0312,Spanish,EBVS,0.75,0.0
arctic_b0312,Spanish,EBVS,0.9,0.0
arctic_b0312,Spanish,EBVS,1.0,0.0
arctic_b0312,Korean,HJK,0.0,0.625
arctic_b0312,Korean,HJK,0.25,0.625
arctic_b0312,Korean,HJK,0.5,0.0
arctic_b0312,Korean,HJK,0.75,0.0
arctic_b0312,Korean,HJK,0.9,0.0
arctic_b0312,Korean,HJK,1.0,0.0
arctic_b0312,Vietnamese,HQTV,0.0,0.625
arctic_b0312,Vietnamese,HQTV,0.25,0.375
arctic_b0312,Vietnamese,HQTV,0.5,0.0
arctic_b0312,Vietnamese,HQTV,0.75,0.0
arctic_b0312,Vietnamese,HQTV,0.9,0.0
arctic_b0312,Vietnamese,HQTV,1.0,0.0
arctic_b0312,Hindi,SVBI,0.0,0.375
arctic_b0312,Hindi,SVBI,0.25,0.0
arctic_b0312,Hindi,SVBI,0.5,0.0
arctic_b0312,Hindi,SVBI,0.75,0.0
arctic_b0312,Hindi,SVBI,0.9,0.0
arctic_b0312,Hindi,SVBI,1.0,0.0
arctic_b0312,Arabic,ZHAA,0.0,0.125
arctic_b0312,Arabic,ZHAA,0.25,0.0
arctic_b0312,Arabic,ZHAA,0.5,0.0
arctic_b0312,Arabic,ZHAA,0.75,0.0
arctic_b0312,Arabic,ZHAA,0.9,0.0
arctic_b0312,Arabic,ZHAA,1.0,0.0
arctic_b0322,Chinese,BWC,0.0,0.16666666666666666
arctic_b0322,Chinese,BWC,0.25,0.0
arctic_b0322,Chinese,BWC,0.5,0.0
arctic_b0322,Chinese,BWC,0.75,0.0
arctic_b0322,Chinese,BWC,0.9,0.0
arctic_b0322,Chinese,BWC,1.0,0.0
arctic_b0322,Spanish,EBVS,0.0,0.16666666666666666
arctic_b0322,Spanish,EBVS,0.25,0.16666666666666666
arctic_b0322,Spanish,EBVS,0.5,0.0
arctic_b0322,Spanish,EBVS,0.75,0.0
arctic_b0322,Spanish,EBVS,0.9,0.0
arctic_b0322,Spanish,EBVS,1.0,0.0
arctic_b0322,Korean,HJK,0.0,0.16666666666666666
arctic_b0322,Korean,HJK,0.25,0.16666666666666666
arctic_b0322,Korean,HJK,0.5,0.16666666666666666
arctic_b0322,Korean,HJK,0.75,0.0
arctic_b0322,Korean,HJK,0.9,0.0
arctic_b0322,Korean,HJK,1.0,0.0
arctic_b0322,Vietnamese,HQTV,0.0,0.3333333333333333
arctic_b0322,Vietnamese,HQTV,0.25,0.3333333333333333
arctic_b0322,Vietnamese,HQTV,0.5,0.16666666666666666
arctic_b0322,Vietnamese,HQTV,0.75,0.0
arctic_b0322,Vietnamese,HQTV,0.9,0.0
arctic_b0322,Vietnamese,HQTV,1.0,0.0
arctic_b0322,Hindi,SVBI,0.0,0.5
arctic_b0322,Hindi,SVBI,0.25,0.5
arctic_b0322,Hindi,SVBI,0.5,0.0
arctic_b0322,Hindi,SVBI,0.75,0.0
arctic_b0322,Hindi,SVBI,0.9,0.0
arctic_b0322,Hindi,SVBI,1.0,0.0
arctic_b0322,Arabic,ZHAA,0.0,0.16666666666666666
arctic_b0322,Arabic,ZHAA,0.25,0.16666666666666666
arctic_b0322,Arabic,ZHAA,0.5,0.0
arctic_b0322,Arabic,ZHAA,0.75,0.0
arctic_b0322,Arabic,ZHAA,0.9,0.0
arctic_b0322,Arabic,ZHAA,1.0,0.0
arctic_b0121,Chinese,BWC,0.0,0.0
arctic_b0121,Chinese,BWC,0.25,0.0
arctic_b0121,Chinese,BWC,0.5,0.0
arctic_b0121,Chinese,BWC,0.75,0.0
arctic_b0121,Chinese,BWC,0.9,0.0
arctic_b0121,Chinese,BWC,1.0,0.0
arctic_b0121,Spanish,EBVS,0.0,0.0
arctic_b0121,Spanish,EBVS,0.25,0.0
arctic_b0121,Spanish,EBVS,0.5,0.0
arctic_b0121,Spanish,EBVS,0.75,0.0
arctic_b0121,Spanish,EBVS,0.9,0.0
arctic_b0121,Spanish,EBVS,1.0,0.0
arctic_b0121,Korean,HJK,0.0,0.0
arctic_b0121,Korean,HJK,0.25,0.0
arctic_b0121,Korean,HJK,0.5,0.0
arctic_b0121,Korean,HJK,0.75,0.0
arctic_b0121,Korean,HJK,0.9,0.0
arctic_b0121,Korean,HJK,1.0,0.0
arctic_b0121,Vietnamese,HQTV,0.0,0.125
arctic_b0121,Vietnamese,HQTV,0.25,0.0
arctic_b0121,Vietnamese,HQTV,0.5,0.0
arctic_b0121,Vietnamese,HQTV,0.75,0.0
arctic_b0121,Vietnamese,HQTV,0.9,0.0
arctic_b0121,Vietnamese,HQTV,1.0,0.0
arctic_b0121,Hindi,SVBI,0.0,0.0
arctic_b0121,Hindi,SVBI,0.25,0.0
arctic_b0121,Hindi,SVBI,0.5,0.0
arctic_b0121,Hindi,SVBI,0.75,0.0
arctic_b0121,Hindi,SVBI,0.9,0.0
arctic_b0121,Hindi,SVBI,1.0,0.0
arctic_b0121,Arabic,ZHAA,0.0,0.0
arctic_b0121,Arabic,ZHAA,0.25,0.0
arctic_b0121,Arabic,ZHAA,0.5,0.0
arctic_b0121,Arabic,ZHAA,0.75,0.0
arctic_b0121,Arabic,ZHAA,0.9,0.0
arctic_b0121,Arabic,ZHAA,1.0,0.0
arctic_b0372,Chinese,BWC,0.0,0.3333333333333333
arctic_b0372,Chinese,BWC,0.25,0.3333333333333333
arctic_b0372,Chinese,BWC,0.5,0.3333333333333333
arctic_b0372,Chinese,BWC,0.75,0.3333333333333333
arctic_b0372,Chinese,BWC,0.9,0.16666666666666666
arctic_b0372,Chinese,BWC,1.0,0.16666666666666666
arctic_b0372,Spanish,EBVS,0.0,0.3333333333333333
arctic_b0372,Spanish,EBVS,0.25,0.16666666666666666
arctic_b0372,Spanish,EBVS,0.5,0.3333333333333333
arctic_b0372,Spanish,EBVS,0.75,0.3333333333333333
arctic_b0372,Spanish,EBVS,0.9,0.3333333333333333
arctic_b0372,Spanish,EBVS,1.0,0.16666666666666666
arctic_b0372,Korean,HJK,0.0,0.16666666666666666
arctic_b0372,Korean,HJK,0.25,0.16666666666666666
arctic_b0372,Korean,HJK,0.5,0.3333333333333333
arctic_b0372,Korean,HJK,0.75,0.16666666666666666
arctic_b0372,Korean,HJK,0.9,0.3333333333333333
arctic_b0372,Korean,HJK,1.0,0.16666666666666666
arctic_b0372,Vietnamese,HQTV,0.0,0.3333333333333333
arctic_b0372,Vietnamese,HQTV,0.25,0.3333333333333333
arctic_b0372,Vietnamese,HQTV,0.5,0.3333333333333333
arctic_b0372,Vietnamese,HQTV,0.75,0.3333333333333333
arctic_b0372,Vietnamese,HQTV,0.9,0.3333333333333333
arctic_b0372,Vietnamese,HQTV,1.0,0.16666666666666666
arctic_b0372,Hindi,SVBI,0.0,0.3333333333333333
arctic_b0372,Hindi,SVBI,0.25,0.3333333333333333
arctic_b0372,Hindi,SVBI,0.5,0.16666666666666666
arctic_b0372,Hindi,SVBI,0.75,0.16666666666666666
arctic_b0372,Hindi,SVBI,0.9,0.16666666666666666
arctic_b0372,Hindi,SVBI,1.0,0.16666666666666666
arctic_b0372,Arabic,ZHAA,0.0,0.3333333333333333
arctic_b0372,Arabic,ZHAA,0.25,0.3333333333333333
arctic_b0372,Arabic,ZHAA,0.5,0.3333333333333333
arctic_b0372,Arabic,ZHAA,0.75,0.3333333333333333
arctic_b0372,Arabic,ZHAA,0.9,0.16666666666666666
arctic_b0372,Arabic,ZHAA,1.0,0.16666666666666666
arctic_b0422,Chinese,BWC,0.0,0.0
arctic_b0422,Chinese,BWC,0.25,0.0
arctic_b0422,Chinese,BWC,0.5,0.0
arctic_b0422,Chinese,BWC,0.75,0.0
arctic_b0422,Chinese,BWC,0.9,0.0
arctic_b0422,Chinese,BWC,1.0,0.0
arctic_b0422,Korean,HJK,0.0,0.0
arctic_b0422,Korean,HJK,0.25,0.0
arctic_b0422,Korean,HJK,0.5,0.0
arctic_b0422,Korean,HJK,0.75,0.0
arctic_b0422,Korean,HJK,0.9,0.0
arctic_b0422,Korean,HJK,1.0,0.0
arctic_b0422,Vietnamese,HQTV,0.0,0.3333333333333333
arctic_b0422,Vietnamese,HQTV,0.25,0.0
arctic_b0422,Vietnamese,HQTV,0.5,0.0
arctic_b0422,Vietnamese,HQTV,0.75,0.0
arctic_b0422,Vietnamese,HQTV,0.9,0.0
arctic_b0422,Vietnamese,HQTV,1.0,0.0
arctic_b0422,Hindi,SVBI,0.0,0.0
arctic_b0422,Hindi,SVBI,0.25,0.0
arctic_b0422,Hindi,SVBI,0.5,0.0
arctic_b0422,Hindi,SVBI,0.75,0.0
arctic_b0422,Hindi,SVBI,0.9,0.0
arctic_b0422,Hindi,SVBI,1.0,0.0
arctic_b0422,Arabic,ZHAA,0.0,0.0
arctic_b0422,Arabic,ZHAA,0.25,0.0
arctic_b0422,Arabic,ZHAA,0.5,0.0
arctic_b0422,Arabic,ZHAA,0.75,0.0
arctic_b0422,Arabic,ZHAA,0.9,0.0
arctic_b0422,Arabic,ZHAA,1.0,0.0
arctic_a0428,Chinese,BWC,0.0,0.0
arctic_a0428,Chinese,BWC,0.25,0.0
arctic_a0428,Chinese,BWC,0.5,0.0
arctic_a0428,Chinese,BWC,0.75,0.0
arctic_a0428,Chinese,BWC,0.9,0.0
arctic_a0428,Chinese,BWC,1.0,0.0
arctic_a0428,Spanish,EBVS,0.0,0.5
arctic_a0428,Spanish,EBVS,0.25,0.0
arctic_a0428,Spanish,EBVS,0.5,0.0
arctic_a0428,Spanish,EBVS,0.75,0.0
arctic_a0428,Spanish,EBVS,0.9,0.0
arctic_a0428,Spanish,EBVS,1.0,0.0
arctic_a0428,Korean,HJK,0.0,0.0
arctic_a0428,Korean,HJK,0.25,0.0
arctic_a0428,Korean,HJK,0.5,0.0
arctic_a0428,Korean,HJK,0.75,0.0
arctic_a0428,Korean,HJK,0.9,0.0
arctic_a0428,Korean,HJK,1.0,0.0
arctic_a0428,Vietnamese,HQTV,0.0,0.16666666666666666
arctic_a0428,Vietnamese,HQTV,0.25,0.0
arctic_a0428,Vietnamese,HQTV,0.5,0.0
arctic_a0428,Vietnamese,HQTV,0.75,0.0
arctic_a0428,Vietnamese,HQTV,0.9,0.0
arctic_a0428,Vietnamese,HQTV,1.0,0.0
arctic_a0428,Hindi,SVBI,0.0,0.0
arctic_a0428,Hindi,SVBI,0.25,0.0
arctic_a0428,Hindi,SVBI,0.5,0.0
arctic_a0428,Hindi,SVBI,0.75,0.0
arctic_a0428,Hindi,SVBI,0.9,0.0
arctic_a0428,Hindi,SVBI,1.0,0.0
arctic_a0428,Arabic,ZHAA,0.0,0.0
arctic_a0428,Arabic,ZHAA,0.25,0.0
arctic_a0428,Arabic,ZHAA,0.5,0.0
arctic_a0428,Arabic,ZHAA,0.75,0.0
arctic_a0428,Arabic,ZHAA,0.9,0.0
arctic_a0428,Arabic,ZHAA,1.0,0.0
arctic_a0102,Chinese,BWC,0.0,0.0
arctic_a0102,Chinese,BWC,0.25,0.0
arctic_a0102,Chinese,BWC,0.5,0.0
arctic_a0102,Chinese,BWC,0.75,0.0
arctic_a0102,Chinese,BWC,0.9,0.0
arctic_a0102,Chinese,BWC,1.0,0.0
arctic_a0102,Spanish,EBVS,0.0,0.0
arctic_a0102,Spanish,EBVS,0.25,0.0
arctic_a0102,Spanish,EBVS,0.5,0.0
arctic_a0102,Spanish,EBVS,0.75,0.0
arctic_a0102,Spanish,EBVS,0.9,0.0
arctic_a0102,Spanish,EBVS,1.0,0.0
arctic_a0102,Korean,HJK,0.0,0.4
arctic_a0102,Korean,HJK,0.25,0.0
arctic_a0102,Korean,HJK,0.5,0.0
arctic_a0102,Korean,HJK,0.75,0.0
arctic_a0102,Korean,HJK,0.9,0.0
arctic_a0102,Korean,HJK,1.0,0.0
arctic_a0102,Vietnamese,HQTV,0.0,0.0
arctic_a0102,Vietnamese,HQTV,0.25,0.0
arctic_a0102,Vietnamese,HQTV,0.5,0.0
arctic_a0102,Vietnamese,HQTV,0.75,0.0
arctic_a0102,Vietnamese,HQTV,0.9,0.0
arctic_a0102,Vietnamese,HQTV,1.0,0.0
arctic_a0102,Hindi,SVBI,0.0,0.0
arctic_a0102,Hindi,SVBI,0.25,0.0
arctic_a0102,Hindi,SVBI,0.5,0.0
arctic_a0102,Hindi,SVBI,0.75,0.0
arctic_a0102,Hindi,SVBI,0.9,0.0
arctic_a0102,Hindi,SVBI,1.0,0.0
arctic_a0102,Arabic,ZHAA,0.0,0.0
arctic_a0102,Arabic,ZHAA,0.25,0.0
arctic_a0102,Arabic,ZHAA,0.5,0.0
arctic_a0102,Arabic,ZHAA,0.75,0.0
arctic_a0102,Arabic,ZHAA,0.9,0.0
arctic_a0102,Arabic,ZHAA,1.0,0.0
arctic_a0291,Chinese,BWC,0.0,0.16666666666666666
arctic_a0291,Chinese,BWC,0.25,0.25
arctic_a0291,Chinese,BWC,0.5,0.5
arctic_a0291,Chinese,BWC,0.75,0.0
arctic_a0291,Chinese,BWC,0.9,0.0
arctic_a0291,Chinese,BWC,1.0,0.0
arctic_a0291,Spanish,EBVS,0.0,0.5
arctic_a0291,Spanish,EBVS,0.25,0.4166666666666667
arctic_a0291,Spanish,EBVS,0.5,0.6666666666666666
arctic_a0291,Spanish,EBVS,0.75,0.0
arctic_a0291,Spanish,EBVS,0.9,0.0
arctic_a0291,Spanish,EBVS,1.0,0.0
arctic_a0291,Korean,HJK,0.0,0.08333333333333333
arctic_a0291,Korean,HJK,0.25,0.08333333333333333
arctic_a0291,Korean,HJK,0.5,0.08333333333333333
arctic_a0291,Korean,HJK,0.75,0.0
arctic_a0291,Korean,HJK,0.9,0.0
arctic_a0291,Korean,HJK,1.0,0.0
arctic_a0291,Vietnamese,HQTV,0.0,0.3333333333333333
arctic_a0291,Vietnamese,HQTV,0.25,0.16666666666666666
arctic_a0291,Vietnamese,HQTV,0.5,0.0
arctic_a0291,Vietnamese,HQTV,0.75,0.0
arctic_a0291,Vietnamese,HQTV,0.9,0.0
arctic_a0291,Vietnamese,HQTV,1.0,0.0
arctic_a0291,Hindi,SVBI,0.0,0.0
arctic_a0291,Hindi,SVBI,0.25,0.0
arctic_a0291,Hindi,SVBI,0.5,0.0
arctic_a0291,Hindi,SVBI,0.75,0.0
arctic_a0291,Hindi,SVBI,0.9,0.0
arctic_a0291,Hindi,SVBI,1.0,0.0
arctic_a0291,Arabic,ZHAA,0.0,0.0
arctic_a0291,Arabic,ZHAA,0.25,0.0
arctic_a0291,Arabic,ZHAA,0.5,0.0
arctic_a0291,Arabic,ZHAA,0.75,0.0
arctic_a0291,Arabic,ZHAA,0.9,0.0
arctic_a0291,Arabic,ZHAA,1.0,0.0
arctic_b0439,Chinese,BWC,0.0,0.46153846153846156
arctic_b0439,Chinese,BWC,0.25,0.46153846153846156
arctic_b0439,Chinese,BWC,0.5,0.6153846153846154
arctic_b0439,Chinese,BWC,0.75,0.0
arctic_b0439,Chinese,BWC,0.9,0.0
arctic_b0439,Chinese,BWC,1.0,0.0
arctic_b0439,Korean,HJK,0.0,0.07692307692307693
arctic_b0439,Korean,HJK,0.25,0.07692307692307693
arctic_b0439,Korean,HJK,0.5,0.0
arctic_b0439,Korean,HJK,0.75,0.0
arctic_b0439,Korean,HJK,0.9,0.0
arctic_b0439,Korean,HJK,1.0,0.0
arctic_b0439,Vietnamese,HQTV,0.0,0.5384615384615384
arctic_b0439,Vietnamese,HQTV,0.25,0.46153846153846156
arctic_b0439,Vietnamese,HQTV,0.5,0.5384615384615384
arctic_b0439,Vietnamese,HQTV,0.75,0.0
arctic_b0439,Vietnamese,HQTV,0.9,0.0
arctic_b0439,Vietnamese,HQTV,1.0,0.0
arctic_b0439,Hindi,SVBI,0.0,0.07692307692307693
arctic_b0439,Hindi,SVBI,0.25,0.07692307692307693
arctic_b0439,Hindi,SVBI,0.5,0.0
arctic_b0439,Hindi,SVBI,0.75,0.0
arctic_b0439,Hindi,SVBI,0.9,0.0
arctic_b0439,Hindi,SVBI,1.0,0.0
arctic_b0439,Arabic,ZHAA,0.0,0.3076923076923077
arctic_b0439,Arabic,ZHAA,0.25,0.15384615384615385
arctic_b0439,Arabic,ZHAA,0.5,0.15384615384615385
arctic_b0439,Arabic,ZHAA,0.75,0.07692307692307693
arctic_b0439,Arabic,ZHAA,0.9,0.0
arctic_b0439,Arabic,ZHAA,1.0,0.0
arctic_a0157,Chinese,BWC,0.0,0.3
arctic_a0157,Chinese,BWC,0.25,0.2
arctic_a0157,Chinese,BWC,0.5,0.2
arctic_a0157,Chinese,BWC,0.75,0.2
arctic_a0157,Chinese,BWC,0.9,0.2
arctic_a0157,Chinese,BWC,1.0,0.2
arctic_a0157,Spanish,EBVS,0.0,0.2
arctic_a0157,Spanish,EBVS,0.25,0.5
arctic_a0157,Spanish,EBVS,0.5,0.6
arctic_a0157,Spanish,EBVS,0.75,0.2
arctic_a0157,Spanish,EBVS,0.9,0.2
arctic_a0157,Spanish,EBVS,1.0,0.2
arctic_a0157,Korean,HJK,0.0,0.2
arctic_a0157,Korean,HJK,0.25,0.2
arctic_a0157,Korean,HJK,0.5,0.2
arctic_a0157,Korean,HJK,0.75,0.2
arctic_a0157,Korean,HJK,0.9,0.2
arctic_a0157,Korean,HJK,1.0,0.2
arctic_a0157,Vietnamese,HQTV,0.0,0.7
arctic_a0157,Vietnamese,HQTV,0.25,0.7
arctic_a0157,Vietnamese,HQTV,0.5,0.7
arctic_a0157,Vietnamese,HQTV,0.75,0.2
arctic_a0157,Vietnamese,HQTV,0.9,0.2
arctic_a0157,Vietnamese,HQTV,1.0,0.2
arctic_a0157,Hindi,SVBI,0.0,0.2
arctic_a0157,Hindi,SVBI,0.25,0.2
arctic_a0157,Hindi,SVBI,0.5,0.2
arctic_a0157,Hindi,SVBI,0.75,0.2
arctic_a0157,Hindi,SVBI,0.9,0.2
arctic_a0157,Hindi,SVBI,1.0,0.2
arctic_a0157,Arabic,ZHAA,0.0,0.3
arctic_a0157,Arabic,ZHAA,0.25,0.2
arctic_a0157,Arabic,ZHAA,0.5,0.2
arctic_a0157,Arabic,ZHAA,0.75,0.2
arctic_a0157,Arabic,ZHAA,0.9,0.2
arctic_a0157,Arabic,ZHAA,1.0,0.2
arctic_a0159,Chinese,BWC,0.0,0.3076923076923077
arctic_a0159,Chinese,BWC,0.25,0.3076923076923077
arctic_a0159,Chinese,BWC,0.5,0.0
arctic_a0159,Chinese,BWC,0.75,0.0
arctic_a0159,Chinese,BWC,0.9,0.0
arctic_a0159,Chinese,BWC,1.0,0.0
arctic_a0159,Spanish,EBVS,0.0,0.0
arctic_a0159,Spanish,EBVS,0.25,0.07692307692307693
arctic_a0159,Spanish,EBVS,0.5,0.5384615384615384
arctic_a0159,Spanish,EBVS,0.75,0.0
arctic_a0159,Spanish,EBVS,0.9,0.0
arctic_a0159,Spanish,EBVS,1.0,0.0
arctic_a0159,Korean,HJK,0.0,0.0
arctic_a0159,Korean,HJK,0.25,0.0
arctic_a0159,Korean,HJK,0.5,0.0
arctic_a0159,Korean,HJK,0.75,0.0
arctic_a0159,Korean,HJK,0.9,0.0
arctic_a0159,Korean,HJK,1.0,0.0
arctic_a0159,Vietnamese,HQTV,0.0,0.15384615384615385
arctic_a0159,Vietnamese,HQTV,0.25,0.15384615384615385
arctic_a0159,Vietnamese,HQTV,0.5,0.0
arctic_a0159,Vietnamese,HQTV,0.75,0.0
arctic_a0159,Vietnamese,HQTV,0.9,0.0
arctic_a0159,Vietnamese,HQTV,1.0,0.0
arctic_a0159,Hindi,SVBI,0.0,0.0
arctic_a0159,Hindi,SVBI,0.25,0.0
arctic_a0159,Hindi,SVBI,0.5,0.0
arctic_a0159,Hindi,SVBI,0.75,0.0
arctic_a0159,Hindi,SVBI,0.9,0.0
arctic_a0159,Hindi,SVBI,1.0,0.0
arctic_a0159,Arabic,ZHAA,0.0,0.0
arctic_a0159,Arabic,ZHAA,0.25,0.0
arctic_a0159,Arabic,ZHAA,0.5,0.0
arctic_a0159,Arabic,ZHAA,0.75,0.0
arctic_a0159,Arabic,ZHAA,0.9,0.0
arctic_a0159,Arabic,ZHAA,1.0,0.0
arctic_a0045,Chinese,BWC,0.0,0.1111111111111111
arctic_a0045,Chinese,BWC,0.25,0.1111111111111111
arctic_a0045,Chinese,BWC,0.5,0.1111111111111111
arctic_a0045,Chinese,BWC,0.75,0.0
arctic_a0045,Chinese,BWC,0.9,0.0
arctic_a0045,Chinese,BWC,1.0,0.0
arctic_a0045,Spanish,EBVS,0.0,0.0
arctic_a0045,Spanish,EBVS,0.25,0.0
arctic_a0045,Spanish,EBVS,0.5,0.0
arctic_a0045,Spanish,EBVS,0.75,0.1111111111111111
arctic_a0045,Spanish,EBVS,0.9,0.1111111111111111
arctic_a0045,Spanish,EBVS,1.0,0.1111111111111111
arctic_a0045,Korean,HJK,0.0,0.0
arctic_a0045,Korean,HJK,0.25,0.0
arctic_a0045,Korean,HJK,0.5,0.0
arctic_a0045,Korean,HJK,0.75,0.0
arctic_a0045,Korean,HJK,0.9,0.0
arctic_a0045,Korean,HJK,1.0,0.0
arctic_a0045,Vietnamese,HQTV,0.0,0.1111111111111111
arctic_a0045,Vietnamese,HQTV,0.25,0.0
arctic_a0045,Vietnamese,HQTV,0.5,0.0
arctic_a0045,Vietnamese,HQTV,0.75,0.0
arctic_a0045,Vietnamese,HQTV,0.9,0.0
arctic_a0045,Vietnamese,HQTV,1.0,0.0
arctic_a0045,Hindi,SVBI,0.0,0.0
arctic_a0045,Hindi,SVBI,0.25,0.0
arctic_a0045,Hindi,SVBI,0.5,0.0
arctic_a0045,Hindi,SVBI,0.75,0.0
arctic_a0045,Hindi,SVBI,0.9,0.0
arctic_a0045,Hindi,SVBI,1.0,0.0
arctic_a0045,Arabic,ZHAA,0.0,0.0
arctic_a0045,Arabic,ZHAA,0.25,0.0
arctic_a0045,Arabic,ZHAA,0.5,0.0
arctic_a0045,Arabic,ZHAA,0.75,0.0
arctic_a0045,Arabic,ZHAA,0.9,0.0
arctic_a0045,Arabic,ZHAA,1.0,0.0
arctic_a0266,Chinese,BWC,0.0,0.0
arctic_a0266,Chinese,BWC,0.25,0.25
arctic_a0266,Chinese,BWC,0.5,0.5
arctic_a0266,Chinese,BWC,0.75,0.0
arctic_a0266,Chinese,BWC,0.9,0.0
arctic_a0266,Chinese,BWC,1.0,0.0
arctic_a0266,Spanish,EBVS,0.0,0.5
arctic_a0266,Spanish,EBVS,0.25,0.5
arctic_a0266,Spanish,EBVS,0.5,0.25
arctic_a0266,Spanish,EBVS,0.75,0.0
arctic_a0266,Spanish,EBVS,0.9,0.0
arctic_a0266,Spanish,EBVS,1.0,0.0
arctic_a0266,Korean,HJK,0.0,0.25
arctic_a0266,Korean,HJK,0.25,0.0
arctic_a0266,Korean,HJK,0.5,0.0
arctic_a0266,Korean,HJK,0.75,0.0
arctic_a0266,Korean,HJK,0.9,0.0
arctic_a0266,Korean,HJK,1.0,0.0
arctic_a0266,Vietnamese,HQTV,0.0,0.875
arctic_a0266,Vietnamese,HQTV,0.25,0.125
arctic_a0266,Vietnamese,HQTV,0.5,0.0
arctic_a0266,Vietnamese,HQTV,0.75,0.0
arctic_a0266,Vietnamese,HQTV,0.9,0.0
arctic_a0266,Vietnamese,HQTV,1.0,0.0
arctic_a0266,Hindi,SVBI,0.0,0.25
arctic_a0266,Hindi,SVBI,0.25,0.0
arctic_a0266,Hindi,SVBI,0.5,0.0
arctic_a0266,Hindi,SVBI,0.75,0.0
arctic_a0266,Hindi,SVBI,0.9,0.0
arctic_a0266,Hindi,SVBI,1.0,0.0
arctic_a0266,Arabic,ZHAA,0.0,0.5
arctic_a0266,Arabic,ZHAA,0.25,0.25
arctic_a0266,Arabic,ZHAA,0.5,0.0
arctic_a0266,Arabic,ZHAA,0.75,0.0
arctic_a0266,Arabic,ZHAA,0.9,0.0
arctic_a0266,Arabic,ZHAA,1.0,0.0
arctic_a0290,Chinese,BWC,0.0,0.0
arctic_a0290,Chinese,BWC,0.25,0.0
arctic_a0290,Chinese,BWC,0.5,0.0
arctic_a0290,Chinese,BWC,0.75,0.0
arctic_a0290,Chinese,BWC,0.9,0.0
arctic_a0290,Chinese,BWC,1.0,0.0
arctic_a0290,Spanish,EBVS,0.0,0.14285714285714285
arctic_a0290,Spanish,EBVS,0.25,0.2857142857142857
arctic_a0290,Spanish,EBVS,0.5,0.5714285714285714
arctic_a0290,Spanish,EBVS,0.75,0.0
arctic_a0290,Spanish,EBVS,0.9,0.0
arctic_a0290,Spanish,EBVS,1.0,0.0
arctic_a0290,Korean,HJK,0.0,0.0
arctic_a0290,Korean,HJK,0.25,0.0
arctic_a0290,Korean,HJK,0.5,0.0
arctic_a0290,Korean,HJK,0.75,0.0
arctic_a0290,Korean,HJK,0.9,0.0
arctic_a0290,Korean,HJK,1.0,0.0
arctic_a0290,Vietnamese,HQTV,0.0,0.2857142857142857
arctic_a0290,Vietnamese,HQTV,0.25,0.2857142857142857
arctic_a0290,Vietnamese,HQTV,0.5,0.0
arctic_a0290,Vietnamese,HQTV,0.75,0.0
arctic_a0290,Vietnamese,HQTV,0.9,0.0
arctic_a0290,Vietnamese,HQTV,1.0,0.0
arctic_a0290,Hindi,SVBI,0.0,0.0
arctic_a0290,Hindi,SVBI,0.25,0.0
arctic_a0290,Hindi,SVBI,0.5,0.0
arctic_a0290,Hindi,SVBI,0.75,0.0
arctic_a0290,Hindi,SVBI,0.9,0.0
arctic_a0290,Hindi,SVBI,1.0,0.0
arctic_a0290,Arabic,ZHAA,0.0,0.0
arctic_a0290,Arabic,ZHAA,0.25,0.0
arctic_a0290,Arabic,ZHAA,0.5,0.0
arctic_a0290,Arabic,ZHAA,0.75,0.0
arctic_a0290,Arabic,ZHAA,0.9,0.0
arctic_a0290,Arabic,ZHAA,1.0,0.0
arctic_a0275,Chinese,BWC,0.0,0.3
arctic_a0275,Chinese,BWC,0.25,0.3
arctic_a0275,Chinese,BWC,0.5,0.6
arctic_a0275,Chinese,BWC,0.75,0.1
arctic_a0275,Chinese,BWC,0.9,0.1
arctic_a0275,Chinese,BWC,1.0,0.1
arctic_a0275,Spanish,EBVS,0.0,0.3
arctic_a0275,Spanish,EBVS,0.25,0.4
arctic_a0275,Spanish,EBVS,0.5,0.6
arctic_a0275,Spanish,EBVS,0.75,0.1
arctic_a0275,Spanish,EBVS,0.9,0.1
arctic_a0275,Spanish,EBVS,1.0,0.1
arctic_a0275,Korean,HJK,0.0,0.4
arctic_a0275,Korean,HJK,0.25,0.4
arctic_a0275,Korean,HJK,0.5,0.2
arctic_a0275,Korean,HJK,0.75,0.1
arctic_a0275,Korean,HJK,0.9,0.1
arctic_a0275,Korean,HJK,1.0,0.1
arctic_a0275,Vietnamese,HQTV,0.0,0.2
arctic_a0275,Vietnamese,HQTV,0.25,0.2
arctic_a0275,Vietnamese,HQTV,0.5,0.6
arctic_a0275,Vietnamese,HQTV,0.75,0.1
arctic_a0275,Vietnamese,HQTV,0.9,0.1
arctic_a0275,Vietnamese,HQTV,1.0,0.1
arctic_a0275,Hindi,SVBI,0.0,0.1
arctic_a0275,Hindi,SVBI,0.25,0.1
arctic_a0275,Hindi,SVBI,0.5,0.1
arctic_a0275,Hindi,SVBI,0.75,0.1
arctic_a0275,Hindi,SVBI,0.9,0.1
arctic_a0275,Hindi,SVBI,1.0,0.1
arctic_a0275,Arabic,ZHAA,0.0,0.2
arctic_a0275,Arabic,ZHAA,0.25,0.3
arctic_a0275,Arabic,ZHAA,0.5,0.2
arctic_a0275,Arabic,ZHAA,0.75,0.1
arctic_a0275,Arabic,ZHAA,0.9,0.1
arctic_a0275,Arabic,ZHAA,1.0,0.1
arctic_a0097,Chinese,BWC,0.0,0.16666666666666666
arctic_a0097,Chinese,BWC,0.25,0.16666666666666666
arctic_a0097,Chinese,BWC,0.5,0.08333333333333333
arctic_a0097,Chinese,BWC,0.75,0.0
arctic_a0097,Chinese,BWC,0.9,0.0
arctic_a0097,Chinese,BWC,1.0,0.0
arctic_a0097,Spanish,EBVS,0.0,0.08333333333333333
arctic_a0097,Spanish,EBVS,0.25,0.3333333333333333
arctic_a0097,Spanish,EBVS,0.5,36.5
arctic_a0097,Spanish,EBVS,0.75,0.0
arctic_a0097,Spanish,EBVS,0.9,0.0
arctic_a0097,Spanish,EBVS,1.0,0.0
arctic_a0097,Korean,HJK,0.0,0.16666666666666666
arctic_a0097,Korean,HJK,0.25,0.08333333333333333
arctic_a0097,Korean,HJK,0.5,0.0
arctic_a0097,Korean,HJK,0.75,0.0
arctic_a0097,Korean,HJK,0.9,0.0
arctic_a0097,Korean,HJK,1.0,0.0
arctic_a0097,Vietnamese,HQTV,0.0,0.25
arctic_a0097,Vietnamese,HQTV,0.25,0.25
arctic_a0097,Vietnamese,HQTV,0.5,0.16666666666666666
arctic_a0097,Vietnamese,HQTV,0.75,0.0
arctic_a0097,Vietnamese,HQTV,0.9,0.0
arctic_a0097,Vietnamese,HQTV,1.0,0.0
arctic_a0097,Hindi,SVBI,0.0,0.16666666666666666
arctic_a0097,Hindi,SVBI,0.25,0.16666666666666666
arctic_a0097,Hindi,SVBI,0.5,0.08333333333333333
arctic_a0097,Hindi,SVBI,0.75,0.0
arctic_a0097,Hindi,SVBI,0.9,0.0
arctic_a0097,Hindi,SVBI,1.0,0.0
arctic_a0097,Arabic,ZHAA,0.0,0.08333333333333333
arctic_a0097,Arabic,ZHAA,0.25,0.08333333333333333
arctic_a0097,Arabic,ZHAA,0.5,0.0
arctic_a0097,Arabic,ZHAA,0.75,0.0
arctic_a0097,Arabic,ZHAA,0.9,0.0
arctic_a0097,Arabic,ZHAA,1.0,0.0
