prompt_id,L1,speaker,alpha,wer,method,utterance_id,expected_wer_mean,delta_wer
arctic_a0031,Chinese,BWC,1.0,0.1666666666666666,dtw_aligned,arctic_a0031,0.0,0.1666666666666666
arctic_a0031,Spanish,EBVS,1.0,0.1666666666666666,dtw_aligned,arctic_a0031,0.0,0.1666666666666666
arctic_a0031,Korean,HJK,1.0,0.0,dtw_aligned,arctic_a0031,0.0,0.0
arctic_a0031,Vietnamese,HQTV,1.0,0.1666666666666666,dtw_aligned,arctic_a0031,0.0,0.1666666666666666
arctic_a0031,Hindi,SVBI,1.0,0.0,dtw_aligned,arctic_a0031,0.0,0.0
arctic_a0031,Arabic,ZHAA,1.0,0.0,dtw_aligned,arctic_a0031,0.0,0.0
arctic_a0037,Chinese,BWC,1.0,0.125,dtw_aligned,arctic_a0037,0.0,0.125
arctic_a0037,Spanish,EBVS,1.0,0.0,dtw_aligned,arctic_a0037,0.0,0.0
arctic_a0037,Korean,HJK,1.0,0.0,dtw_aligned,arctic_a0037,0.0,0.0
arctic_a0037,Vietnamese,HQTV,1.0,0.0,dtw_aligned,arctic_a0037,0.0,0.0
arctic_a0037,Hindi,SVBI,1.0,0.0,dtw_aligned,arctic_a0037,0.0,0.0
arctic_a0037,Arabic,ZHAA,1.0,0.0,dtw_aligned,arctic_a0037,0.0,0.0
arctic_a0045,Chinese,BWC,1.0,0.0,dtw_aligned,arctic_a0045,0.0,0.0
arctic_a0045,Spanish,EBVS,1.0,0.2222222222222222,dtw_aligned,arctic_a0045,0.0,0.2222222222222222
arctic_a0045,Korean,HJK,1.0,0.0,dtw_aligned,arctic_a0045,0.0,0.0
arctic_a0045,Vietnamese,HQTV,1.0,0.1111111111111111,dtw_aligned,arctic_a0045,0.0,0.1111111111111111
arctic_a0045,Hindi,SVBI,1.0,0.0,dtw_aligned,arctic_a0045,0.0,0.0
arctic_a0045,Arabic,ZHAA,1.0,0.1111111111111111,dtw_aligned,arctic_a0045,0.0,0.1111111111111111
arctic_a0055,Chinese,BWC,1.0,0.0909090909090909,dtw_aligned,arctic_a0055,0.0909090909090909,0.0
arctic_a0055,Spanish,EBVS,1.0,0.0909090909090909,dtw_aligned,arctic_a0055,0.0909090909090909,0.0
arctic_a0055,Korean,HJK,1.0,0.0909090909090909,dtw_aligned,arctic_a0055,0.0909090909090909,0.0
arctic_a0055,Vietnamese,HQTV,1.0,0.0,dtw_aligned,arctic_a0055,0.0909090909090909,-0.0909090909090909
arctic_a0055,Hindi,SVBI,1.0,0.0,dtw_aligned,arctic_a0055,0.0909090909090909,-0.0909090909090909
arctic_a0055,Arabic,ZHAA,1.0,0.2727272727272727,dtw_aligned,arctic_a0055,0.0909090909090909,0.18181818181818182
arctic_a0063,Chinese,BWC,1.0,0.3333333333333333,dtw_aligned,arctic_a0063,0.0,0.3333333333333333
arctic_a0063,Spanish,EBVS,1.0,0.2222222222222222,dtw_aligned,arctic_a0063,0.0,0.2222222222222222
arctic_a0063,Korean,HJK,1.0,0.0,dtw_aligned,arctic_a0063,0.0,0.0
arctic_a0063,Vietnamese,HQTV,1.0,0.2222222222222222,dtw_aligned,arctic_a0063,0.0,0.2222222222222222
arctic_a0063,Hindi,SVBI,1.0,0.2222222222222222,dtw_aligned,arctic_a0063,0.0,0.2222222222222222
arctic_a0063,Arabic,ZHAA,1.0,0.2222222222222222,dtw_aligned,arctic_a0063,0.0,0.2222222222222222
arctic_a0064,Chinese,BWC,1.0,0.0,dtw_aligned,arctic_a0064,0.0,0.0
arctic_a0064,Spanish,EBVS,1.0,0.0,dtw_aligned,arctic_a0064,0.0,0.0
arctic_a0064,Korean,HJK,1.0,0.0,dtw_aligned,arctic_a0064,0.0,0.0
arctic_a0064,Vietnamese,HQTV,1.0,0.0,dtw_aligned,arctic_a0064,0.0,0.0
arctic_a0064,Hindi,SVBI,1.0,0.0,dtw_aligned,arctic_a0064,0.0,0.0
arctic_a0064,Arabic,ZHAA,1.0,0.0,dtw_aligned,arctic_a0064,0.0,0.0
arctic_a0095,Chinese,BWC,1.0,0.0769230769230769,dtw_aligned,arctic_a0095,0.0,0.0769230769230769
arctic_a0095,Spanish,EBVS,1.0,0.2307692307692307,dtw_aligned,arctic_a0095,0.0,0.2307692307692307
arctic_a0095,Korean,HJK,1.0,0.0,dtw_aligned,arctic_a0095,0.0,0.0
arctic_a0095,Vietnamese,HQTV,1.0,0.0,dtw_aligned,arctic_a0095,0.0,0.0
arctic_a0095,Hindi,SVBI,1.0,0.0,dtw_aligned,arctic_a0095,0.0,0.0
arctic_a0095,Arabic,ZHAA,1.0,0.0,dtw_aligned,arctic_a0095,0.0,0.0
arctic_a0099,Chinese,BWC,1.0,0.0,dtw_aligned,arctic_a0099,0.0,0.0
arctic_a0099,Spanish,EBVS,1.0,0.0,dtw_aligned,arctic_a0099,0.0,0.0
arctic_a0099,Korean,HJK,1.0,0.0,dtw_aligned,arctic_a0099,0.0,0.0
arctic_a0099,Vietnamese,HQTV,1.0,0.0,dtw_aligned,arctic_a0099,0.0,0.0
arctic_a0099,Hindi,SVBI,1.0,0.0,dtw_aligned,arctic_a0099,0.0,0.0
arctic_a0099,Arabic,ZHAA,1.0,0.0,dtw_aligned,arctic_a0099,0.0,0.0
arctic_a0106,Chinese,BWC,1.0,0.3846153846153846,dtw_aligned,arctic_a0106,0.0,0.3846153846153846
arctic_a0106,Spanish,EBVS,1.0,0.0,dtw_aligned,arctic_a0106,0.0,0.0
arctic_a0106,Korean,HJK,1.0,0.0769230769230769,dtw_aligned,arctic_a0106,0.0,0.0769230769230769
arctic_a0106,Vietnamese,HQTV,1.0,0.2307692307692307,dtw_aligned,arctic_a0106,0.0,0.2307692307692307
arctic_a0106,Hindi,SVBI,1.0,0.0,dtw_aligned,arctic_a0106,0.0,0.0
arctic_a0106,Arabic,ZHAA,1.0,0.1538461538461538,dtw_aligned,arctic_a0106,0.0,0.1538461538461538
arctic_a0112,Chinese,BWC,1.0,0.1666666666666666,dtw_aligned,arctic_a0112,0.0,0.1666666666666666
arctic_a0112,Spanish,EBVS,1.0,0.0,dtw_aligned,arctic_a0112,0.0,0.0
arctic_a0112,Korean,HJK,1.0,0.0,dtw_aligned,arctic_a0112,0.0,0.0
arctic_a0112,Vietnamese,HQTV,1.0,0.0,dtw_aligned,arctic_a0112,0.0,0.0
arctic_a0112,Hindi,SVBI,1.0,0.0,dtw_aligned,arctic_a0112,0.0,0.0
arctic_a0112,Arabic,ZHAA,1.0,0.0,dtw_aligned,arctic_a0112,0.0,0.0
arctic_a0121,Chinese,BWC,1.0,0.0,dtw_aligned,arctic_a0121,0.0,0.0
arctic_a0121,Spanish,EBVS,1.0,0.0,dtw_aligned,arctic_a0121,0.0,0.0
arctic_a0121,Korean,HJK,1.0,0.0909090909090909,dtw_aligned,arctic_a0121,0.0,0.0909090909090909
arctic_a0121,Vietnamese,HQTV,1.0,0.0,dtw_aligned,arctic_a0121,0.0,0.0
arctic_a0121,Hindi,SVBI,1.0,0.0,dtw_aligned,arctic_a0121,0.0,0.0
arctic_a0121,Arabic,ZHAA,1.0,0.0909090909090909,dtw_aligned,arctic_a0121,0.0,0.0909090909090909
arctic_a0128,Chinese,BWC,1.0,0.0,dtw_aligned,arctic_a0128,0.0,0.0
arctic_a0128,Spanish,EBVS,1.0,0.0,dtw_aligned,arctic_a0128,0.0,0.0
arctic_a0128,Korean,HJK,1.0,0.0,dtw_aligned,arctic_a0128,0.0,0.0
arctic_a0128,Vietnamese,HQTV,1.0,0.0909090909090909,dtw_aligned,arctic_a0128,0.0,0.0909090909090909
arctic_a0128,Hindi,SVBI,1.0,0.0,dtw_aligned,arctic_a0128,0.0,0.0
arctic_a0128,Arabic,ZHAA,1.0,0.0909090909090909,dtw_aligned,arctic_a0128,0.0,0.0909090909090909
arctic_a0132,Chinese,BWC,1.0,0.125,dtw_aligned,arctic_a0132,0.0,0.125
arctic_a0132,Spanish,EBVS,1.0,0.125,dtw_aligned,arctic_a0132,0.0,0.125
arctic_a0132,Korean,HJK,1.0,0.0,dtw_aligned,arctic_a0132,0.0,0.0
arctic_a0132,Vietnamese,HQTV,1.0,0.125,dtw_aligned,arctic_a0132,0.0,0.125
arctic_a0132,Hindi,SVBI,1.0,0.0,dtw_aligned,arctic_a0132,0.0,0.0
arctic_a0132,Arabic,ZHAA,1.0,0.125,dtw_aligned,arctic_a0132,0.0,0.125
arctic_a0150,Chinese,BWC,1.0,0.25,dtw_aligned,arctic_a0150,0.0,0.25
arctic_a0150,Spanish,EBVS,1.0,0.0,dtw_aligned,arctic_a0150,0.0,0.0
arctic_a0150,Korean,HJK,1.0,0.25,dtw_aligned,arctic_a0150,0.0,0.25
arctic_a0150,Vietnamese,HQTV,1.0,0.25,dtw_aligned,arctic_a0150,0.0,0.25
arctic_a0150,Hindi,SVBI,1.0,0.25,dtw_aligned,arctic_a0150,0.0,0.25
arctic_a0150,Arabic,ZHAA,1.0,0.25,dtw_aligned,arctic_a0150,0.0,0.25
arctic_a0155,Chinese,BWC,1.0,0.0,dtw_aligned,arctic_a0155,0.0,0.0
arctic_a0155,Spanish,EBVS,1.0,0.0,dtw_aligned,arctic_a0155,0.0,0.0
arctic_a0155,Korean,HJK,1.0,0.0,dtw_aligned,arctic_a0155,0.0,0.0
arctic_a0155,Vietnamese,HQTV,1.0,0.0,dtw_aligned,arctic_a0155,0.0,0.0
arctic_a0155,Hindi,SVBI,1.0,0.0,dtw_aligned,arctic_a0155,0.0,0.0
arctic_a0155,Arabic,ZHAA,1.0,0.0,dtw_aligned,arctic_a0155,0.0,0.0
arctic_a0157,Chinese,BWC,1.0,0.0,dtw_aligned,arctic_a0157,0.1,-0.1
arctic_a0157,Spanish,EBVS,1.0,0.3,dtw_aligned,arctic_a0157,0.1,0.19999999999999998
arctic_a0157,Korean,HJK,1.0,0.2,dtw_aligned,arctic_a0157,0.1,0.1
arctic_a0157,Vietnamese,HQTV,1.0,0.2,dtw_aligned,arctic_a0157,0.1,0.1
arctic_a0157,Hindi,SVBI,1.0,0.1,dtw_aligned,arctic_a0157,0.1,0.0
arctic_a0157,Arabic,ZHAA,1.0,0.0,dtw_aligned,arctic_a0157,0.1,-0.1
arctic_a0162,Chinese,BWC,1.0,0.5,dtw_aligned,arctic_a0162,0.0,0.5
arctic_a0162,Spanish,EBVS,1.0,0.0,dtw_aligned,arctic_a0162,0.0,0.0
arctic_a0162,Korean,HJK,1.0,0.5,dtw_aligned,arctic_a0162,0.0,0.5
arctic_a0162,Vietnamese,HQTV,1.0,0.1666666666666666,dtw_aligned,arctic_a0162,0.0,0.1666666666666666
arctic_a0162,Hindi,SVBI,1.0,0.3333333333333333,dtw_aligned,arctic_a0162,0.0,0.3333333333333333
arctic_a0162,Arabic,ZHAA,1.0,0.3333333333333333,dtw_aligned,arctic_a0162,0.0,0.3333333333333333
arctic_a0179,Chinese,BWC,1.0,0.125,dtw_aligned,arctic_a0179,0.0,0.125
arctic_a0179,Spanish,EBVS,1.0,0.0,dtw_aligned,arctic_a0179,0.0,0.0
arctic_a0179,Korean,HJK,1.0,0.0,dtw_aligned,arctic_a0179,0.0,0.0
arctic_a0179,Vietnamese,HQTV,1.0,0.125,dtw_aligned,arctic_a0179,0.0,0.125
arctic_a0179,Hindi,SVBI,1.0,0.0,dtw_aligned,arctic_a0179,0.0,0.0
arctic_a0179,Arabic,ZHAA,1.0,0.0,dtw_aligned,arctic_a0179,0.0,0.0
arctic_a0183,Chinese,BWC,1.0,0.1666666666666666,dtw_aligned,arctic_a0183,0.0,0.1666666666666666
arctic_a0183,Spanish,EBVS,1.0,0.1666666666666666,dtw_aligned,arctic_a0183,0.0,0.1666666666666666
arctic_a0183,Korean,HJK,1.0,0.0,dtw_aligned,arctic_a0183,0.0,0.0
arctic_a0183,Vietnamese,HQTV,1.0,0.0,dtw_aligned,arctic_a0183,0.0,0.0
arctic_a0183,Hindi,SVBI,1.0,0.0,dtw_aligned,arctic_a0183,0.0,0.0
arctic_a0183,Arabic,ZHAA,1.0,0.0,dtw_aligned,arctic_a0183,0.0,0.0
arctic_a0258,Chinese,BWC,1.0,0.125,dtw_aligned,arctic_a0258,0.0,0.125
arctic_a0258,Spanish,EBVS,1.0,0.375,dtw_aligned,arctic_a0258,0.0,0.375
arctic_a0258,Korean,HJK,1.0,0.125,dtw_aligned,arctic_a0258,0.0,0.125
arctic_a0258,Vietnamese,HQTV,1.0,0.0,dtw_aligned,arctic_a0258,0.0,0.0
arctic_a0258,Hindi,SVBI,1.0,0.125,dtw_aligned,arctic_a0258,0.0,0.125
arctic_a0258,Arabic,ZHAA,1.0,0.0,dtw_aligned,arctic_a0258,0.0,0.0
arctic_a0268,Chinese,BWC,1.0,0.1538461538461538,dtw_aligned,arctic_a0268,0.0769230769230769,0.0769230769230769
arctic_a0268,Spanish,EBVS,1.0,0.1538461538461538,dtw_aligned,arctic_a0268,0.0769230769230769,0.0769230769230769
arctic_a0268,Korean,HJK,1.0,0.0,dtw_aligned,arctic_a0268,0.0769230769230769,-0.0769230769230769
arctic_a0268,Vietnamese,HQTV,1.0,0.0769230769230769,dtw_aligned,arctic_a0268,0.0769230769230769,0.0
arctic_a0268,Hindi,SVBI,1.0,0.0,dtw_aligned,arctic_a0268,0.0769230769230769,-0.0769230769230769
arctic_a0268,Arabic,ZHAA,1.0,0.0769230769230769,dtw_aligned,arctic_a0268,0.0769230769230769,0.0
arctic_a0277,Chinese,BWC,1.0,0.3,dtw_aligned,arctic_a0277,0.1,0.19999999999999998
arctic_a0277,Spanish,EBVS,1.0,0.4,dtw_aligned,arctic_a0277,0.1,0.30000000000000004
arctic_a0277,Korean,HJK,1.0,0.2,dtw_aligned,arctic_a0277,0.1,0.1
arctic_a0277,Vietnamese,HQTV,1.0,0.2,dtw_aligned,arctic_a0277,0.1,0.1
arctic_a0277,Hindi,SVBI,1.0,0.2,dtw_aligned,arctic_a0277,0.1,0.1
arctic_a0277,Arabic,ZHAA,1.0,0.2,dtw_aligned,arctic_a0277,0.1,0.1
arctic_a0284,Chinese,BWC,1.0,0.125,dtw_aligned,arctic_a0284,0.0,0.125
arctic_a0284,Spanish,EBVS,1.0,0.25,dtw_aligned,arctic_a0284,0.0,0.25
arctic_a0284,Korean,HJK,1.0,0.0,dtw_aligned,arctic_a0284,0.0,0.0
arctic_a0284,Vietnamese,HQTV,1.0,0.125,dtw_aligned,arctic_a0284,0.0,0.125
arctic_a0284,Hindi,SVBI,1.0,0.0,dtw_aligned,arctic_a0284,0.0,0.0
arctic_a0284,Arabic,ZHAA,1.0,0.0,dtw_aligned,arctic_a0284,0.0,0.0
arctic_a0324,Chinese,BWC,1.0,0.2727272727272727,dtw_aligned,arctic_a0324,0.2,0.0727272727272727
arctic_a0324,Spanish,EBVS,1.0,0.3636363636363636,dtw_aligned,arctic_a0324,0.2,0.16363636363636358
arctic_a0324,Korean,HJK,1.0,0.1818181818181818,dtw_aligned,arctic_a0324,0.2,-0.018181818181818216
arctic_a0324,Vietnamese,HQTV,1.0,0.3636363636363636,dtw_aligned,arctic_a0324,0.2,0.16363636363636358
arctic_a0324,Hindi,SVBI,1.0,0.1818181818181818,dtw_aligned,arctic_a0324,0.2,-0.018181818181818216
arctic_a0324,Arabic,ZHAA,1.0,0.3636363636363636,dtw_aligned,arctic_a0324,0.2,0.16363636363636358
arctic_a0328,Chinese,BWC,1.0,0.25,dtw_aligned,arctic_a0328,0.0,0.25
arctic_a0328,Spanish,EBVS,1.0,0.125,dtw_aligned,arctic_a0328,0.0,0.125
arctic_a0328,Korean,HJK,1.0,0.125,dtw_aligned,arctic_a0328,0.0,0.125
arctic_a0328,Vietnamese,HQTV,1.0,0.125,dtw_aligned,arctic_a0328,0.0,0.125
arctic_a0328,Hindi,SVBI,1.0,0.0,dtw_aligned,arctic_a0328,0.0,0.0
arctic_a0328,Arabic,ZHAA,1.0,0.0,dtw_aligned,arctic_a0328,0.0,0.0
arctic_a0337,Chinese,BWC,1.0,0.1,dtw_aligned,arctic_a0337,0.2222222222222222,-0.1222222222222222
arctic_a0337,Spanish,EBVS,1.0,0.0,dtw_aligned,arctic_a0337,0.2222222222222222,-0.2222222222222222
arctic_a0337,Korean,HJK,1.0,0.1,dtw_aligned,arctic_a0337,0.2222222222222222,-0.1222222222222222
arctic_a0337,Vietnamese,HQTV,1.0,0.1,dtw_aligned,arctic_a0337,0.2222222222222222,-0.1222222222222222
arctic_a0337,Hindi,SVBI,1.0,0.1,dtw_aligned,arctic_a0337,0.2222222222222222,-0.1222222222222222
arctic_a0337,Arabic,ZHAA,1.0,0.1,dtw_aligned,arctic_a0337,0.2222222222222222,-0.1222222222222222
arctic_a0338,Chinese,BWC,1.0,0.3333333333333333,dtw_aligned,arctic_a0338,0.0,0.3333333333333333
arctic_a0338,Spanish,EBVS,1.0,0.1666666666666666,dtw_aligned,arctic_a0338,0.0,0.1666666666666666
arctic_a0338,Korean,HJK,1.0,0.1666666666666666,dtw_aligned,arctic_a0338,0.0,0.1666666666666666
arctic_a0338,Vietnamese,HQTV,1.0,0.1666666666666666,dtw_aligned,arctic_a0338,0.0,0.1666666666666666
arctic_a0338,Hindi,SVBI,1.0,0.0,dtw_aligned,arctic_a0338,0.0,0.0
arctic_a0338,Arabic,ZHAA,1.0,0.0,dtw_aligned,arctic_a0338,0.0,0.0
arctic_a0339,Chinese,BWC,1.0,0.0909090909090909,dtw_aligned,arctic_a0339,0.0,0.0909090909090909
arctic_a0339,Spanish,EBVS,1.0,0.0909090909090909,dtw_aligned,arctic_a0339,0.0,0.0909090909090909
arctic_a0339,Korean,HJK,1.0,0.0909090909090909,dtw_aligned,arctic_a0339,0.0,0.0909090909090909
arctic_a0339,Vietnamese,HQTV,1.0,0.0909090909090909,dtw_aligned,arctic_a0339,0.0,0.0909090909090909
arctic_a0339,Hindi,SVBI,1.0,0.0,dtw_aligned,arctic_a0339,0.0,0.0
arctic_a0339,Arabic,ZHAA,1.0,0.0909090909090909,dtw_aligned,arctic_a0339,0.0,0.0909090909090909
arctic_a0340,Chinese,BWC,1.0,0.2857142857142857,dtw_aligned,arctic_a0340,0.0,0.2857142857142857
arctic_a0340,Spanish,EBVS,1.0,0.0,dtw_aligned,arctic_a0340,0.0,0.0
arctic_a0340,Korean,HJK,1.0,0.0,dtw_aligned,arctic_a0340,0.0,0.0
arctic_a0340,Vietnamese,HQTV,1.0,0.1428571428571428,dtw_aligned,arctic_a0340,0.0,0.1428571428571428
arctic_a0340,Hindi,SVBI,1.0,0.0,dtw_aligned,arctic_a0340,0.0,0.0
arctic_a0340,Arabic,ZHAA,1.0,0.0,dtw_aligned,arctic_a0340,0.0,0.0
arctic_a0344,Chinese,BWC,1.0,0.4444444444444444,dtw_aligned,arctic_a0344,0.0,0.4444444444444444
arctic_a0344,Spanish,EBVS,1.0,0.0,dtw_aligned,arctic_a0344,0.0,0.0
arctic_a0344,Korean,HJK,1.0,0.0,dtw_aligned,arctic_a0344,0.0,0.0
arctic_a0344,Vietnamese,HQTV,1.0,0.1111111111111111,dtw_aligned,arctic_a0344,0.0,0.1111111111111111
arctic_a0344,Hindi,SVBI,1.0,0.0,dtw_aligned,arctic_a0344,0.0,0.0
arctic_a0344,Arabic,ZHAA,1.0,0.0,dtw_aligned,arctic_a0344,0.0,0.0
arctic_a0354,Chinese,BWC,1.0,0.1666666666666666,dtw_aligned,arctic_a0354,0.0,0.1666666666666666
arctic_a0354,Spanish,EBVS,1.0,0.0,dtw_aligned,arctic_a0354,0.0,0.0
arctic_a0354,Korean,HJK,1.0,0.0,dtw_aligned,arctic_a0354,0.0,0.0
arctic_a0354,Vietnamese,HQTV,1.0,0.1666666666666666,dtw_aligned,arctic_a0354,0.0,0.1666666666666666
arctic_a0354,Hindi,SVBI,1.0,0.0,dtw_aligned,arctic_a0354,0.0,0.0
arctic_a0354,Arabic,ZHAA,1.0,0.0,dtw_aligned,arctic_a0354,0.0,0.0
arctic_a0377,Chinese,BWC,1.0,0.1666666666666666,dtw_aligned,arctic_a0377,0.1666666666666666,0.0
arctic_a0377,Spanish,EBVS,1.0,0.0,dtw_aligned,arctic_a0377,0.1666666666666666,-0.1666666666666666
arctic_a0377,Korean,HJK,1.0,0.0,dtw_aligned,arctic_a0377,0.1666666666666666,-0.1666666666666666
arctic_a0377,Vietnamese,HQTV,1.0,0.0,dtw_aligned,arctic_a0377,0.1666666666666666,-0.1666666666666666
arctic_a0377,Hindi,SVBI,1.0,0.0,dtw_aligned,arctic_a0377,0.1666666666666666,-0.1666666666666666
arctic_a0377,Arabic,ZHAA,1.0,0.0833333333333333,dtw_aligned,arctic_a0377,0.1666666666666666,-0.0833333333333333
arctic_a0390,Chinese,BWC,1.0,0.5,dtw_aligned,arctic_a0390,0.0,0.5
arctic_a0390,Spanish,EBVS,1.0,0.2,dtw_aligned,arctic_a0390,0.0,0.2
arctic_a0390,Korean,HJK,1.0,0.0,dtw_aligned,arctic_a0390,0.0,0.0
arctic_a0390,Vietnamese,HQTV,1.0,0.0,dtw_aligned,arctic_a0390,0.0,0.0
arctic_a0390,Hindi,SVBI,1.0,0.0,dtw_aligned,arctic_a0390,0.0,0.0
arctic_a0390,Arabic,ZHAA,1.0,0.0,dtw_aligned,arctic_a0390,0.0,0.0
arctic_a0409,Chinese,BWC,1.0,0.1111111111111111,dtw_aligned,arctic_a0409,0.0,0.1111111111111111
arctic_a0409,Spanish,EBVS,1.0,0.0,dtw_aligned,arctic_a0409,0.0,0.0
arctic_a0409,Korean,HJK,1.0,0.0,dtw_aligned,arctic_a0409,0.0,0.0
arctic_a0409,Vietnamese,HQTV,1.0,0.0,dtw_aligned,arctic_a0409,0.0,0.0
arctic_a0409,Hindi,SVBI,1.0,0.0,dtw_aligned,arctic_a0409,0.0,0.0
arctic_a0409,Arabic,ZHAA,1.0,0.0,dtw_aligned,arctic_a0409,0.0,0.0
arctic_a0418,Chinese,BWC,1.0,0.1428571428571428,dtw_aligned,arctic_a0418,0.0,0.1428571428571428
arctic_a0418,Spanish,EBVS,1.0,0.0,dtw_aligned,arctic_a0418,0.0,0.0
arctic_a0418,Korean,HJK,1.0,0.0,dtw_aligned,arctic_a0418,0.0,0.0
arctic_a0418,Vietnamese,HQTV,1.0,0.0,dtw_aligned,arctic_a0418,0.0,0.0
arctic_a0418,Hindi,SVBI,1.0,0.4285714285714285,dtw_aligned,arctic_a0418,0.0,0.4285714285714285
arctic_a0418,Arabic,ZHAA,1.0,0.0,dtw_aligned,arctic_a0418,0.0,0.0
arctic_a0432,Chinese,BWC,1.0,0.25,dtw_aligned,arctic_a0432,0.0,0.25
arctic_a0432,Spanish,EBVS,1.0,0.0,dtw_aligned,arctic_a0432,0.0,0.0
arctic_a0432,Korean,HJK,1.0,0.0,dtw_aligned,arctic_a0432,0.0,0.0
arctic_a0432,Vietnamese,HQTV,1.0,0.0,dtw_aligned,arctic_a0432,0.0,0.0
arctic_a0432,Hindi,SVBI,1.0,0.0,dtw_aligned,arctic_a0432,0.0,0.0
arctic_a0432,Arabic,ZHAA,1.0,0.0,dtw_aligned,arctic_a0432,0.0,0.0
arctic_a0440,Chinese,BWC,1.0,0.25,dtw_aligned,arctic_a0440,0.0,0.25
arctic_a0440,Spanish,EBVS,1.0,0.25,dtw_aligned,arctic_a0440,0.0,0.25
arctic_a0440,Korean,HJK,1.0,0.25,dtw_aligned,arctic_a0440,0.0,0.25
arctic_a0440,Vietnamese,HQTV,1.0,0.5,dtw_aligned,arctic_a0440,0.0,0.5
arctic_a0440,Hindi,SVBI,1.0,0.25,dtw_aligned,arctic_a0440,0.0,0.25
arctic_a0440,Arabic,ZHAA,1.0,0.25,dtw_aligned,arctic_a0440,0.0,0.25
arctic_a0443,Chinese,BWC,1.0,0.1428571428571428,dtw_aligned,arctic_a0443,0.0,0.1428571428571428
arctic_a0443,Spanish,EBVS,1.0,0.1428571428571428,dtw_aligned,arctic_a0443,0.0,0.1428571428571428
arctic_a0443,Korean,HJK,1.0,0.0,dtw_aligned,arctic_a0443,0.0,0.0
arctic_a0443,Vietnamese,HQTV,1.0,0.1428571428571428,dtw_aligned,arctic_a0443,0.0,0.1428571428571428
arctic_a0443,Hindi,SVBI,1.0,0.0,dtw_aligned,arctic_a0443,0.0,0.0
arctic_a0443,Arabic,ZHAA,1.0,0.0,dtw_aligned,arctic_a0443,0.0,0.0
arctic_a0455,Chinese,BWC,1.0,0.1666666666666666,dtw_aligned,arctic_a0455,0.0,0.1666666666666666
arctic_a0455,Spanish,EBVS,1.0,0.25,dtw_aligned,arctic_a0455,0.0,0.25
arctic_a0455,Korean,HJK,1.0,0.0,dtw_aligned,arctic_a0455,0.0,0.0
arctic_a0455,Vietnamese,HQTV,1.0,0.0833333333333333,dtw_aligned,arctic_a0455,0.0,0.0833333333333333
arctic_a0455,Hindi,SVBI,1.0,0.0,dtw_aligned,arctic_a0455,0.0,0.0
arctic_a0455,Arabic,ZHAA,1.0,0.0833333333333333,dtw_aligned,arctic_a0455,0.0,0.0833333333333333
arctic_a0478,Chinese,BWC,1.0,0.3333333333333333,dtw_aligned,arctic_a0478,0.1818181818181818,0.15151515151515152
arctic_a0478,Spanish,EBVS,1.0,0.3333333333333333,dtw_aligned,arctic_a0478,0.1818181818181818,0.15151515151515152
arctic_a0478,Korean,HJK,1.0,0.0833333333333333,dtw_aligned,arctic_a0478,0.1818181818181818,-0.0984848484848485
arctic_a0478,Vietnamese,HQTV,1.0,0.25,dtw_aligned,arctic_a0478,0.1818181818181818,0.0681818181818182
arctic_a0478,Hindi,SVBI,1.0,0.25,dtw_aligned,arctic_a0478,0.1818181818181818,0.0681818181818182
arctic_a0478,Arabic,ZHAA,1.0,0.0833333333333333,dtw_aligned,arctic_a0478,0.1818181818181818,-0.0984848484848485
arctic_a0526,Chinese,BWC,1.0,0.0,dtw_aligned,arctic_a0526,0.0,0.0
arctic_a0526,Spanish,EBVS,1.0,0.1666666666666666,dtw_aligned,arctic_a0526,0.0,0.1666666666666666
arctic_a0526,Korean,HJK,1.0,0.0,dtw_aligned,arctic_a0526,0.0,0.0
arctic_a0526,Vietnamese,HQTV,1.0,0.0,dtw_aligned,arctic_a0526,0.0,0.0
arctic_a0526,Hindi,SVBI,1.0,0.0,dtw_aligned,arctic_a0526,0.0,0.0
arctic_a0526,Arabic,ZHAA,1.0,0.0,dtw_aligned,arctic_a0526,0.0,0.0
arctic_a0541,Chinese,BWC,1.0,0.1428571428571428,dtw_aligned,arctic_a0541,0.0,0.1428571428571428
arctic_a0541,Spanish,EBVS,1.0,0.1428571428571428,dtw_aligned,arctic_a0541,0.0,0.1428571428571428
arctic_a0541,Korean,HJK,1.0,0.0,dtw_aligned,arctic_a0541,0.0,0.0
arctic_a0541,Vietnamese,HQTV,1.0,0.0,dtw_aligned,arctic_a0541,0.0,0.0
arctic_a0541,Hindi,SVBI,1.0,0.0,dtw_aligned,arctic_a0541,0.0,0.0
arctic_a0541,Arabic,ZHAA,1.0,0.1428571428571428,dtw_aligned,arctic_a0541,0.0,0.1428571428571428
arctic_a0576,Chinese,BWC,1.0,0.0,dtw_aligned,arctic_a0576,0.0,0.0
arctic_a0576,Spanish,EBVS,1.0,0.1538461538461538,dtw_aligned,arctic_a0576,0.0,0.1538461538461538
arctic_a0576,Korean,HJK,1.0,0.0,dtw_aligned,arctic_a0576,0.0,0.0
arctic_a0576,Vietnamese,HQTV,1.0,0.3846153846153846,dtw_aligned,arctic_a0576,0.0,0.3846153846153846
arctic_a0576,Hindi,SVBI,1.0,0.0,dtw_aligned,arctic_a0576,0.0,0.0
arctic_a0576,Arabic,ZHAA,1.0,0.3076923076923077,dtw_aligned,arctic_a0576,0.0,0.3076923076923077
arctic_a0579,Chinese,BWC,1.0,0.0,dtw_aligned,arctic_a0579,0.0,0.0
arctic_a0579,Spanish,EBVS,1.0,0.0,dtw_aligned,arctic_a0579,0.0,0.0
arctic_a0579,Korean,HJK,1.0,0.0,dtw_aligned,arctic_a0579,0.0,0.0
arctic_a0579,Vietnamese,HQTV,1.0,0.0,dtw_aligned,arctic_a0579,0.0,0.0
arctic_a0579,Hindi,SVBI,1.0,0.0,dtw_aligned,arctic_a0579,0.0,0.0
arctic_a0579,Arabic,ZHAA,1.0,0.0,dtw_aligned,arctic_a0579,0.0,0.0
arctic_a0582,Chinese,BWC,1.0,0.1,dtw_aligned,arctic_a0582,0.0,0.1
arctic_a0582,Spanish,EBVS,1.0,0.1,dtw_aligned,arctic_a0582,0.0,0.1
arctic_a0582,Korean,HJK,1.0,0.0,dtw_aligned,arctic_a0582,0.0,0.0
arctic_a0582,Vietnamese,HQTV,1.0,0.1,dtw_aligned,arctic_a0582,0.0,0.1
arctic_a0582,Hindi,SVBI,1.0,0.0,dtw_aligned,arctic_a0582,0.0,0.0
arctic_a0582,Arabic,ZHAA,1.0,0.1,dtw_aligned,arctic_a0582,0.0,0.1
arctic_a0585,Chinese,BWC,1.0,0.125,dtw_aligned,arctic_a0585,0.0,0.125
arctic_a0585,Spanish,EBVS,1.0,0.0,dtw_aligned,arctic_a0585,0.0,0.0
arctic_a0585,Korean,HJK,1.0,0.25,dtw_aligned,arctic_a0585,0.0,0.25
arctic_a0585,Vietnamese,HQTV,1.0,0.625,dtw_aligned,arctic_a0585,0.0,0.625
arctic_a0585,Hindi,SVBI,1.0,0.25,dtw_aligned,arctic_a0585,0.0,0.25
arctic_a0585,Arabic,ZHAA,1.0,0.125,dtw_aligned,arctic_a0585,0.0,0.125
arctic_a0593,Chinese,BWC,1.0,0.125,dtw_aligned,arctic_a0593,0.0,0.125
arctic_a0593,Spanish,EBVS,1.0,0.0,dtw_aligned,arctic_a0593,0.0,0.0
arctic_a0593,Korean,HJK,1.0,0.0,dtw_aligned,arctic_a0593,0.0,0.0
arctic_a0593,Vietnamese,HQTV,1.0,0.0,dtw_aligned,arctic_a0593,0.0,0.0
arctic_a0593,Hindi,SVBI,1.0,0.0,dtw_aligned,arctic_a0593,0.0,0.0
arctic_a0593,Arabic,ZHAA,1.0,0.125,dtw_aligned,arctic_a0593,0.0,0.125
arctic_b0011,Chinese,BWC,1.0,0.0833333333333333,dtw_aligned,arctic_b0011,0.0,0.0833333333333333
arctic_b0011,Spanish,EBVS,1.0,0.2727272727272727,dtw_aligned,arctic_b0011,0.0,0.2727272727272727
arctic_b0011,Korean,HJK,1.0,0.0,dtw_aligned,arctic_b0011,0.0,0.0
arctic_b0011,Vietnamese,HQTV,1.0,0.0833333333333333,dtw_aligned,arctic_b0011,0.0,0.0833333333333333
arctic_b0011,Hindi,SVBI,1.0,0.0833333333333333,dtw_aligned,arctic_b0011,0.0,0.0833333333333333
arctic_b0011,Arabic,ZHAA,1.0,0.0833333333333333,dtw_aligned,arctic_b0011,0.0,0.0833333333333333
arctic_b0016,Chinese,BWC,1.0,0.3333333333333333,dtw_aligned,arctic_b0016,0.0,0.3333333333333333
arctic_b0016,Spanish,EBVS,1.0,0.4166666666666667,dtw_aligned,arctic_b0016,0.0,0.4166666666666667
arctic_b0016,Korean,HJK,1.0,0.0,dtw_aligned,arctic_b0016,0.0,0.0
arctic_b0016,Vietnamese,HQTV,1.0,0.25,dtw_aligned,arctic_b0016,0.0,0.25
arctic_b0016,Hindi,SVBI,1.0,0.0,dtw_aligned,arctic_b0016,0.0,0.0
arctic_b0016,Arabic,ZHAA,1.0,0.3333333333333333,dtw_aligned,arctic_b0016,0.0,0.3333333333333333
arctic_b0022,Chinese,BWC,1.0,0.0833333333333333,dtw_aligned,arctic_b0022,0.0,0.0833333333333333
arctic_b0022,Spanish,EBVS,1.0,0.0,dtw_aligned,arctic_b0022,0.0,0.0
arctic_b0022,Korean,HJK,1.0,0.0,dtw_aligned,arctic_b0022,0.0,0.0
arctic_b0022,Vietnamese,HQTV,1.0,0.1666666666666666,dtw_aligned,arctic_b0022,0.0,0.1666666666666666
arctic_b0022,Hindi,SVBI,1.0,0.0833333333333333,dtw_aligned,arctic_b0022,0.0,0.0833333333333333
arctic_b0022,Arabic,ZHAA,1.0,0.0,dtw_aligned,arctic_b0022,0.0,0.0
arctic_b0023,Chinese,BWC,1.0,0.2,dtw_aligned,arctic_b0023,0.2,0.0
arctic_b0023,Spanish,EBVS,1.0,0.0,dtw_aligned,arctic_b0023,0.2,-0.2
arctic_b0023,Korean,HJK,1.0,0.2,dtw_aligned,arctic_b0023,0.2,0.0
arctic_b0023,Vietnamese,HQTV,1.0,0.2,dtw_aligned,arctic_b0023,0.2,0.0
arctic_b0023,Hindi,SVBI,1.0,0.2,dtw_aligned,arctic_b0023,0.2,0.0
arctic_b0023,Arabic,ZHAA,1.0,0.2,dtw_aligned,arctic_b0023,0.2,0.0
arctic_b0033,Chinese,BWC,1.0,0.1666666666666666,dtw_aligned,arctic_b0033,0.0,0.1666666666666666
arctic_b0033,Spanish,EBVS,1.0,0.1666666666666666,dtw_aligned,arctic_b0033,0.0,0.1666666666666666
arctic_b0033,Korean,HJK,1.0,0.1666666666666666,dtw_aligned,arctic_b0033,0.0,0.1666666666666666
arctic_b0033,Vietnamese,HQTV,1.0,0.3333333333333333,dtw_aligned,arctic_b0033,0.0,0.3333333333333333
arctic_b0033,Hindi,SVBI,1.0,0.0,dtw_aligned,arctic_b0033,0.0,0.0
arctic_b0033,Arabic,ZHAA,1.0,0.1666666666666666,dtw_aligned,arctic_b0033,0.0,0.1666666666666666
arctic_b0052,Chinese,BWC,1.0,0.0,dtw_aligned,arctic_b0052,0.0,0.0
arctic_b0052,Spanish,EBVS,1.0,0.0,dtw_aligned,arctic_b0052,0.0,0.0
arctic_b0052,Korean,HJK,1.0,0.0,dtw_aligned,arctic_b0052,0.0,0.0
arctic_b0052,Vietnamese,HQTV,1.0,0.1428571428571428,dtw_aligned,arctic_b0052,0.0,0.1428571428571428
arctic_b0052,Hindi,SVBI,1.0,0.0,dtw_aligned,arctic_b0052,0.0,0.0
arctic_b0052,Arabic,ZHAA,1.0,0.0,dtw_aligned,arctic_b0052,0.0,0.0
arctic_b0055,Chinese,BWC,1.0,0.1818181818181818,dtw_aligned,arctic_b0055,0.0,0.1818181818181818
arctic_b0055,Spanish,EBVS,1.0,0.2727272727272727,dtw_aligned,arctic_b0055,0.0,0.2727272727272727
arctic_b0055,Korean,HJK,1.0,0.1818181818181818,dtw_aligned,arctic_b0055,0.0,0.1818181818181818
arctic_b0055,Vietnamese,HQTV,1.0,0.2727272727272727,dtw_aligned,arctic_b0055,0.0,0.2727272727272727
arctic_b0055,Hindi,SVBI,1.0,0.0,dtw_aligned,arctic_b0055,0.0,0.0
arctic_b0055,Arabic,ZHAA,1.0,0.0909090909090909,dtw_aligned,arctic_b0055,0.0,0.0909090909090909
arctic_b0057,Chinese,BWC,1.0,0.0,dtw_aligned,arctic_b0057,0.0,0.0
arctic_b0057,Spanish,EBVS,1.0,0.125,dtw_aligned,arctic_b0057,0.0,0.125
arctic_b0057,Korean,HJK,1.0,0.0,dtw_aligned,arctic_b0057,0.0,0.0
arctic_b0057,Vietnamese,HQTV,1.0,0.125,dtw_aligned,arctic_b0057,0.0,0.125
arctic_b0057,Hindi,SVBI,1.0,0.0,dtw_aligned,arctic_b0057,0.0,0.0
arctic_b0057,Arabic,ZHAA,1.0,0.125,dtw_aligned,arctic_b0057,0.0,0.125
arctic_b0072,Chinese,BWC,1.0,0.1111111111111111,dtw_aligned,arctic_b0072,0.0,0.1111111111111111
arctic_b0072,Spanish,EBVS,1.0,0.1111111111111111,dtw_aligned,arctic_b0072,0.0,0.1111111111111111
arctic_b0072,Korean,HJK,1.0,0.0,dtw_aligned,arctic_b0072,0.0,0.0
arctic_b0072,Vietnamese,HQTV,1.0,0.2222222222222222,dtw_aligned,arctic_b0072,0.0,0.2222222222222222
arctic_b0072,Hindi,SVBI,1.0,0.0,dtw_aligned,arctic_b0072,0.0,0.0
arctic_b0072,Arabic,ZHAA,1.0,0.1111111111111111,dtw_aligned,arctic_b0072,0.0,0.1111111111111111
arctic_b0079,Chinese,BWC,1.0,0.2857142857142857,dtw_aligned,arctic_b0079,0.0,0.2857142857142857
arctic_b0079,Spanish,EBVS,1.0,0.1428571428571428,dtw_aligned,arctic_b0079,0.0,0.1428571428571428
arctic_b0079,Korean,HJK,1.0,0.1428571428571428,dtw_aligned,arctic_b0079,0.0,0.1428571428571428
arctic_b0079,Vietnamese,HQTV,1.0,0.1428571428571428,dtw_aligned,arctic_b0079,0.0,0.1428571428571428
arctic_b0079,Hindi,SVBI,1.0,0.0,dtw_aligned,arctic_b0079,0.0,0.0
arctic_b0079,Arabic,ZHAA,1.0,0.1428571428571428,dtw_aligned,arctic_b0079,0.0,0.1428571428571428
arctic_b0093,Chinese,BWC,1.0,0.0,dtw_aligned,arctic_b0093,0.0,0.0
arctic_b0093,Spanish,EBVS,1.0,0.0,dtw_aligned,arctic_b0093,0.0,0.0
arctic_b0093,Korean,HJK,1.0,0.0,dtw_aligned,arctic_b0093,0.0,0.0
arctic_b0093,Vietnamese,HQTV,1.0,0.0,dtw_aligned,arctic_b0093,0.0,0.0
arctic_b0093,Hindi,SVBI,1.0,0.0,dtw_aligned,arctic_b0093,0.0,0.0
arctic_b0093,Arabic,ZHAA,1.0,0.0,dtw_aligned,arctic_b0093,0.0,0.0
arctic_b0103,Chinese,BWC,1.0,0.0833333333333333,dtw_aligned,arctic_b0103,0.0833333333333333,0.0
arctic_b0103,Spanish,EBVS,1.0,0.3333333333333333,dtw_aligned,arctic_b0103,0.0833333333333333,0.25
arctic_b0103,Korean,HJK,1.0,0.0833333333333333,dtw_aligned,arctic_b0103,0.0833333333333333,0.0
arctic_b0103,Vietnamese,HQTV,1.0,0.1666666666666666,dtw_aligned,arctic_b0103,0.0833333333333333,0.0833333333333333
arctic_b0103,Hindi,SVBI,1.0,0.1666666666666666,dtw_aligned,arctic_b0103,0.0833333333333333,0.0833333333333333
arctic_b0103,Arabic,ZHAA,1.0,0.1666666666666666,dtw_aligned,arctic_b0103,0.0833333333333333,0.0833333333333333
arctic_b0104,Chinese,BWC,1.0,0.1,dtw_aligned,arctic_b0104,0.1,0.0
arctic_b0104,Spanish,EBVS,1.0,0.1,dtw_aligned,arctic_b0104,0.1,0.0
arctic_b0104,Korean,HJK,1.0,0.0,dtw_aligned,arctic_b0104,0.1,-0.1
arctic_b0104,Vietnamese,HQTV,1.0,0.1,dtw_aligned,arctic_b0104,0.1,0.0
arctic_b0104,Hindi,SVBI,1.0,0.0,dtw_aligned,arctic_b0104,0.1,-0.1
arctic_b0104,Arabic,ZHAA,1.0,0.1,dtw_aligned,arctic_b0104,0.1,0.0
arctic_b0108,Chinese,BWC,1.0,0.1,dtw_aligned,arctic_b0108,0.0,0.1
arctic_b0108,Spanish,EBVS,1.0,0.6,dtw_aligned,arctic_b0108,0.0,0.6
arctic_b0108,Korean,HJK,1.0,0.1,dtw_aligned,arctic_b0108,0.0,0.1
arctic_b0108,Vietnamese,HQTV,1.0,0.0,dtw_aligned,arctic_b0108,0.0,0.0
arctic_b0108,Hindi,SVBI,1.0,0.1,dtw_aligned,arctic_b0108,0.0,0.1
arctic_b0108,Arabic,ZHAA,1.0,0.2,dtw_aligned,arctic_b0108,0.0,0.2
arctic_b0111,Chinese,BWC,1.0,0.0,dtw_aligned,arctic_b0111,0.0,0.0
arctic_b0111,Spanish,EBVS,1.0,0.0,dtw_aligned,arctic_b0111,0.0,0.0
arctic_b0111,Korean,HJK,1.0,0.1666666666666666,dtw_aligned,arctic_b0111,0.0,0.1666666666666666
arctic_b0111,Vietnamese,HQTV,1.0,0.0,dtw_aligned,arctic_b0111,0.0,0.0
arctic_b0111,Hindi,SVBI,1.0,0.0,dtw_aligned,arctic_b0111,0.0,0.0
arctic_b0111,Arabic,ZHAA,1.0,0.0,dtw_aligned,arctic_b0111,0.0,0.0
arctic_b0124,Chinese,BWC,1.0,0.25,dtw_aligned,arctic_b0124,0.0833333333333333,0.16666666666666669
arctic_b0124,Spanish,EBVS,1.0,0.1666666666666666,dtw_aligned,arctic_b0124,0.0833333333333333,0.0833333333333333
arctic_b0124,Korean,HJK,1.0,0.0833333333333333,dtw_aligned,arctic_b0124,0.0833333333333333,0.0
arctic_b0124,Vietnamese,HQTV,1.0,0.25,dtw_aligned,arctic_b0124,0.0833333333333333,0.16666666666666669
arctic_b0124,Hindi,SVBI,1.0,0.0833333333333333,dtw_aligned,arctic_b0124,0.0833333333333333,0.0
arctic_b0124,Arabic,ZHAA,1.0,0.0833333333333333,dtw_aligned,arctic_b0124,0.0833333333333333,0.0
arctic_b0142,Chinese,BWC,1.0,0.1111111111111111,dtw_aligned,arctic_b0142,0.0,0.1111111111111111
arctic_b0142,Spanish,EBVS,1.0,0.1111111111111111,dtw_aligned,arctic_b0142,0.0,0.1111111111111111
arctic_b0142,Korean,HJK,1.0,0.0,dtw_aligned,arctic_b0142,0.0,0.0
arctic_b0142,Vietnamese,HQTV,1.0,0.0,dtw_aligned,arctic_b0142,0.0,0.0
arctic_b0142,Hindi,SVBI,1.0,0.0,dtw_aligned,arctic_b0142,0.0,0.0
arctic_b0142,Arabic,ZHAA,1.0,0.0,dtw_aligned,arctic_b0142,0.0,0.0
arctic_b0173,Chinese,BWC,1.0,0.1666666666666666,dtw_aligned,arctic_b0173,0.0,0.1666666666666666
arctic_b0173,Spanish,EBVS,1.0,0.0,dtw_aligned,arctic_b0173,0.0,0.0
arctic_b0173,Korean,HJK,1.0,0.1666666666666666,dtw_aligned,arctic_b0173,0.0,0.1666666666666666
arctic_b0173,Vietnamese,HQTV,1.0,0.0,dtw_aligned,arctic_b0173,0.0,0.0
arctic_b0173,Hindi,SVBI,1.0,0.0,dtw_aligned,arctic_b0173,0.0,0.0
arctic_b0173,Arabic,ZHAA,1.0,0.0,dtw_aligned,arctic_b0173,0.0,0.0
arctic_b0176,Chinese,BWC,1.0,0.4,dtw_aligned,arctic_b0176,0.0,0.4
arctic_b0176,Spanish,EBVS,1.0,0.0,dtw_aligned,arctic_b0176,0.0,0.0
arctic_b0176,Korean,HJK,1.0,0.0,dtw_aligned,arctic_b0176,0.0,0.0
arctic_b0176,Vietnamese,HQTV,1.0,0.0,dtw_aligned,arctic_b0176,0.0,0.0
arctic_b0176,Hindi,SVBI,1.0,0.0,dtw_aligned,arctic_b0176,0.0,0.0
arctic_b0176,Arabic,ZHAA,1.0,0.2,dtw_aligned,arctic_b0176,0.0,0.2
arctic_b0186,Chinese,BWC,1.0,0.25,dtw_aligned,arctic_b0186,0.0,0.25
arctic_b0186,Spanish,EBVS,1.0,0.375,dtw_aligned,arctic_b0186,0.0,0.375
arctic_b0186,Korean,HJK,1.0,0.0,dtw_aligned,arctic_b0186,0.0,0.0
arctic_b0186,Vietnamese,HQTV,1.0,0.25,dtw_aligned,arctic_b0186,0.0,0.25
arctic_b0186,Hindi,SVBI,1.0,0.0,dtw_aligned,arctic_b0186,0.0,0.0
arctic_b0186,Arabic,ZHAA,1.0,0.125,dtw_aligned,arctic_b0186,0.0,0.125
arctic_b0191,Chinese,BWC,1.0,0.0833333333333333,dtw_aligned,arctic_b0191,0.0,0.0833333333333333
arctic_b0191,Spanish,EBVS,1.0,0.1666666666666666,dtw_aligned,arctic_b0191,0.0,0.1666666666666666
arctic_b0191,Korean,HJK,1.0,0.0,dtw_aligned,arctic_b0191,0.0,0.0
arctic_b0191,Vietnamese,HQTV,1.0,0.0,dtw_aligned,arctic_b0191,0.0,0.0
arctic_b0191,Hindi,SVBI,1.0,0.0,dtw_aligned,arctic_b0191,0.0,0.0
arctic_b0191,Arabic,ZHAA,1.0,0.0833333333333333,dtw_aligned,arctic_b0191,0.0,0.0833333333333333
arctic_b0230,Chinese,BWC,1.0,0.0,dtw_aligned,arctic_b0230,0.125,-0.125
arctic_b0230,Spanish,EBVS,1.0,0.0,dtw_aligned,arctic_b0230,0.125,-0.125
arctic_b0230,Korean,HJK,1.0,0.125,dtw_aligned,arctic_b0230,0.125,0.0
arctic_b0230,Vietnamese,HQTV,1.0,0.0,dtw_aligned,arctic_b0230,0.125,-0.125
arctic_b0230,Hindi,SVBI,1.0,0.125,dtw_aligned,arctic_b0230,0.125,0.0
arctic_b0230,Arabic,ZHAA,1.0,0.125,dtw_aligned,arctic_b0230,0.125,0.0
arctic_b0240,Chinese,BWC,1.0,0.2857142857142857,dtw_aligned,arctic_b0240,0.1428571428571428,0.1428571428571429
arctic_b0240,Spanish,EBVS,1.0,0.1428571428571428,dtw_aligned,arctic_b0240,0.1428571428571428,0.0
arctic_b0240,Korean,HJK,1.0,0.1428571428571428,dtw_aligned,arctic_b0240,0.1428571428571428,0.0
arctic_b0240,Vietnamese,HQTV,1.0,0.4285714285714285,dtw_aligned,arctic_b0240,0.1428571428571428,0.2857142857142857
arctic_b0240,Hindi,SVBI,1.0,0.1428571428571428,dtw_aligned,arctic_b0240,0.1428571428571428,0.0
arctic_b0240,Arabic,ZHAA,1.0,0.0,dtw_aligned,arctic_b0240,0.1428571428571428,-0.1428571428571428
arctic_b0248,Chinese,BWC,1.0,0.1111111111111111,dtw_aligned,arctic_b0248,0.0,0.1111111111111111
arctic_b0248,Spanish,EBVS,1.0,0.1111111111111111,dtw_aligned,arctic_b0248,0.0,0.1111111111111111
arctic_b0248,Korean,HJK,1.0,0.0,dtw_aligned,arctic_b0248,0.0,0.0
arctic_b0248,Vietnamese,HQTV,1.0,0.0,dtw_aligned,arctic_b0248,0.0,0.0
arctic_b0248,Hindi,SVBI,1.0,0.0,dtw_aligned,arctic_b0248,0.0,0.0
arctic_b0248,Arabic,ZHAA,1.0,0.1111111111111111,dtw_aligned,arctic_b0248,0.0,0.1111111111111111
arctic_b0260,Chinese,BWC,1.0,0.0,dtw_aligned,arctic_b0260,0.0,0.0
arctic_b0260,Spanish,EBVS,1.0,0.0,dtw_aligned,arctic_b0260,0.0,0.0
arctic_b0260,Korean,HJK,1.0,0.0,dtw_aligned,arctic_b0260,0.0,0.0
arctic_b0260,Vietnamese,HQTV,1.0,0.0,dtw_aligned,arctic_b0260,0.0,0.0
arctic_b0260,Hindi,SVBI,1.0,0.0,dtw_aligned,arctic_b0260,0.0,0.0
arctic_b0260,Arabic,ZHAA,1.0,0.0,dtw_aligned,arctic_b0260,0.0,0.0
arctic_b0271,Chinese,BWC,1.0,0.1666666666666666,dtw_aligned,arctic_b0271,0.2727272727272727,-0.1060606060606061
arctic_b0271,Spanish,EBVS,1.0,0.1666666666666666,dtw_aligned,arctic_b0271,0.2727272727272727,-0.1060606060606061
arctic_b0271,Korean,HJK,1.0,0.0833333333333333,dtw_aligned,arctic_b0271,0.2727272727272727,-0.1893939393939394
arctic_b0271,Vietnamese,HQTV,1.0,0.0833333333333333,dtw_aligned,arctic_b0271,0.2727272727272727,-0.1893939393939394
arctic_b0271,Hindi,SVBI,1.0,0.0833333333333333,dtw_aligned,arctic_b0271,0.2727272727272727,-0.1893939393939394
arctic_b0271,Arabic,ZHAA,1.0,0.0833333333333333,dtw_aligned,arctic_b0271,0.2727272727272727,-0.1893939393939394
arctic_b0286,Chinese,BWC,1.0,0.2,dtw_aligned,arctic_b0286,0.0,0.2
arctic_b0286,Spanish,EBVS,1.0,0.0,dtw_aligned,arctic_b0286,0.0,0.0
arctic_b0286,Korean,HJK,1.0,0.2,dtw_aligned,arctic_b0286,0.0,0.2
arctic_b0286,Vietnamese,HQTV,1.0,0.2,dtw_aligned,arctic_b0286,0.0,0.2
arctic_b0286,Hindi,SVBI,1.0,0.0,dtw_aligned,arctic_b0286,0.0,0.0
arctic_b0286,Arabic,ZHAA,1.0,0.0,dtw_aligned,arctic_b0286,0.0,0.0
arctic_b0308,Chinese,BWC,1.0,0.0,dtw_aligned,arctic_b0308,0.0,0.0
arctic_b0308,Spanish,EBVS,1.0,0.0,dtw_aligned,arctic_b0308,0.0,0.0
arctic_b0308,Korean,HJK,1.0,0.0,dtw_aligned,arctic_b0308,0.0,0.0
arctic_b0308,Vietnamese,HQTV,1.0,0.0,dtw_aligned,arctic_b0308,0.0,0.0
arctic_b0308,Hindi,SVBI,1.0,0.0,dtw_aligned,arctic_b0308,0.0,0.0
arctic_b0308,Arabic,ZHAA,1.0,0.0,dtw_aligned,arctic_b0308,0.0,0.0
arctic_b0309,Chinese,BWC,1.0,0.0,dtw_aligned,arctic_b0309,0.1666666666666666,-0.1666666666666666
arctic_b0309,Spanish,EBVS,1.0,0.0,dtw_aligned,arctic_b0309,0.1666666666666666,-0.1666666666666666
arctic_b0309,Korean,HJK,1.0,0.0,dtw_aligned,arctic_b0309,0.1666666666666666,-0.1666666666666666
arctic_b0309,Vietnamese,HQTV,1.0,0.3333333333333333,dtw_aligned,arctic_b0309,0.1666666666666666,0.1666666666666667
arctic_b0309,Hindi,SVBI,1.0,0.0,dtw_aligned,arctic_b0309,0.1666666666666666,-0.1666666666666666
arctic_b0309,Arabic,ZHAA,1.0,0.0,dtw_aligned,arctic_b0309,0.1666666666666666,-0.1666666666666666
arctic_b0344,Chinese,BWC,1.0,0.1428571428571428,dtw_aligned,arctic_b0344,0.0,0.1428571428571428
arctic_b0344,Spanish,EBVS,1.0,0.2857142857142857,dtw_aligned,arctic_b0344,0.0,0.2857142857142857
arctic_b0344,Korean,HJK,1.0,0.0,dtw_aligned,arctic_b0344,0.0,0.0
arctic_b0344,Vietnamese,HQTV,1.0,0.0,dtw_aligned,arctic_b0344,0.0,0.0
arctic_b0344,Hindi,SVBI,1.0,0.0,dtw_aligned,arctic_b0344,0.0,0.0
arctic_b0344,Arabic,ZHAA,1.0,0.0,dtw_aligned,arctic_b0344,0.0,0.0
arctic_b0360,Chinese,BWC,1.0,0.1666666666666666,dtw_aligned,arctic_b0360,0.0,0.1666666666666666
arctic_b0360,Spanish,EBVS,1.0,0.0833333333333333,dtw_aligned,arctic_b0360,0.0,0.0833333333333333
arctic_b0360,Korean,HJK,1.0,0.0,dtw_aligned,arctic_b0360,0.0,0.0
arctic_b0360,Vietnamese,HQTV,1.0,0.0,dtw_aligned,arctic_b0360,0.0,0.0
arctic_b0360,Hindi,SVBI,1.0,0.1666666666666666,dtw_aligned,arctic_b0360,0.0,0.1666666666666666
arctic_b0360,Arabic,ZHAA,1.0,0.4166666666666667,dtw_aligned,arctic_b0360,0.0,0.4166666666666667
arctic_b0377,Chinese,BWC,1.0,1.0,dtw_aligned,arctic_b0377,0.0,1.0
arctic_b0377,Spanish,EBVS,1.0,0.0,dtw_aligned,arctic_b0377,0.0,0.0
arctic_b0377,Korean,HJK,1.0,0.0,dtw_aligned,arctic_b0377,0.0,0.0
arctic_b0377,Vietnamese,HQTV,1.0,0.1666666666666666,dtw_aligned,arctic_b0377,0.0,0.1666666666666666
arctic_b0377,Hindi,SVBI,1.0,0.0,dtw_aligned,arctic_b0377,0.0,0.0
arctic_b0377,Arabic,ZHAA,1.0,0.0,dtw_aligned,arctic_b0377,0.0,0.0
arctic_b0379,Chinese,BWC,1.0,0.0909090909090909,dtw_aligned,arctic_b0379,0.0,0.0909090909090909
arctic_b0379,Spanish,EBVS,1.0,0.3636363636363636,dtw_aligned,arctic_b0379,0.0,0.3636363636363636
arctic_b0379,Korean,HJK,1.0,0.2727272727272727,dtw_aligned,arctic_b0379,0.0,0.2727272727272727
arctic_b0379,Vietnamese,HQTV,1.0,0.0909090909090909,dtw_aligned,arctic_b0379,0.0,0.0909090909090909
arctic_b0379,Hindi,SVBI,1.0,0.3636363636363636,dtw_aligned,arctic_b0379,0.0,0.3636363636363636
arctic_b0379,Arabic,ZHAA,1.0,0.2727272727272727,dtw_aligned,arctic_b0379,0.0,0.2727272727272727
arctic_b0380,Chinese,BWC,1.0,0.2727272727272727,dtw_aligned,arctic_b0380,0.0,0.2727272727272727
arctic_b0380,Spanish,EBVS,1.0,0.4545454545454545,dtw_aligned,arctic_b0380,0.0,0.4545454545454545
arctic_b0380,Korean,HJK,1.0,0.0909090909090909,dtw_aligned,arctic_b0380,0.0,0.0909090909090909
arctic_b0380,Vietnamese,HQTV,1.0,0.3636363636363636,dtw_aligned,arctic_b0380,0.0,0.3636363636363636
arctic_b0380,Hindi,SVBI,1.0,0.0,dtw_aligned,arctic_b0380,0.0,0.0
arctic_b0380,Arabic,ZHAA,1.0,0.0,dtw_aligned,arctic_b0380,0.0,0.0
arctic_b0404,Chinese,BWC,1.0,0.0,dtw_aligned,arctic_b0404,0.0,0.0
arctic_b0404,Spanish,EBVS,1.0,0.0,dtw_aligned,arctic_b0404,0.0,0.0
arctic_b0404,Korean,HJK,1.0,0.0,dtw_aligned,arctic_b0404,0.0,0.0
arctic_b0404,Vietnamese,HQTV,1.0,0.125,dtw_aligned,arctic_b0404,0.0,0.125
arctic_b0404,Hindi,SVBI,1.0,0.0,dtw_aligned,arctic_b0404,0.0,0.0
arctic_b0404,Arabic,ZHAA,1.0,0.0,dtw_aligned,arctic_b0404,0.0,0.0
arctic_b0406,Chinese,BWC,1.0,0.3333333333333333,dtw_aligned,arctic_b0406,0.0833333333333333,0.25
arctic_b0406,Spanish,EBVS,1.0,0.6666666666666666,dtw_aligned,arctic_b0406,0.0833333333333333,0.5833333333333334
arctic_b0406,Korean,HJK,1.0,0.0,dtw_aligned,arctic_b0406,0.0833333333333333,-0.0833333333333333
arctic_b0406,Vietnamese,HQTV,1.0,0.1666666666666666,dtw_aligned,arctic_b0406,0.0833333333333333,0.0833333333333333
arctic_b0406,Hindi,SVBI,1.0,0.1666666666666666,dtw_aligned,arctic_b0406,0.0833333333333333,0.0833333333333333
arctic_b0406,Arabic,ZHAA,1.0,0.0833333333333333,dtw_aligned,arctic_b0406,0.0833333333333333,0.0
arctic_b0409,Chinese,BWC,1.0,0.2307692307692307,dtw_aligned,arctic_b0409,0.0769230769230769,0.1538461538461538
arctic_b0409,Korean,HJK,1.0,0.2307692307692307,dtw_aligned,arctic_b0409,0.0769230769230769,0.1538461538461538
arctic_b0409,Vietnamese,HQTV,1.0,0.0,dtw_aligned,arctic_b0409,0.0769230769230769,-0.0769230769230769
arctic_b0409,Hindi,SVBI,1.0,0.1538461538461538,dtw_aligned,arctic_b0409,0.0769230769230769,0.0769230769230769
arctic_b0409,Arabic,ZHAA,1.0,0.2307692307692307,dtw_aligned,arctic_b0409,0.0769230769230769,0.1538461538461538
arctic_b0410,Chinese,BWC,1.0,0.1,dtw_aligned,arctic_b0410,0.0,0.1
arctic_b0410,Korean,HJK,1.0,0.0,dtw_aligned,arctic_b0410,0.0,0.0
arctic_b0410,Vietnamese,HQTV,1.0,0.1,dtw_aligned,arctic_b0410,0.0,0.1
arctic_b0410,Hindi,SVBI,1.0,0.0,dtw_aligned,arctic_b0410,0.0,0.0
arctic_b0410,Arabic,ZHAA,1.0,0.0,dtw_aligned,arctic_b0410,0.0,0.0
arctic_b0417,Chinese,BWC,1.0,0.1,dtw_aligned,arctic_b0417,0.0,0.1
arctic_b0417,Korean,HJK,1.0,0.0,dtw_aligned,arctic_b0417,0.0,0.0
arctic_b0417,Vietnamese,HQTV,1.0,0.1,dtw_aligned,arctic_b0417,0.0,0.1
arctic_b0417,Hindi,SVBI,1.0,0.0,dtw_aligned,arctic_b0417,0.0,0.0
arctic_b0417,Arabic,ZHAA,1.0,0.0,dtw_aligned,arctic_b0417,0.0,0.0
arctic_b0434,Chinese,BWC,1.0,1.0,dtw_aligned,arctic_b0434,0.0,1.0
arctic_b0434,Spanish,EBVS,1.0,0.0909090909090909,dtw_aligned,arctic_b0434,0.0,0.0909090909090909
arctic_b0434,Korean,HJK,1.0,0.0909090909090909,dtw_aligned,arctic_b0434,0.0,0.0909090909090909
arctic_b0434,Vietnamese,HQTV,1.0,0.2727272727272727,dtw_aligned,arctic_b0434,0.0,0.2727272727272727
arctic_b0434,Hindi,SVBI,1.0,0.0,dtw_aligned,arctic_b0434,0.0,0.0
arctic_b0434,Arabic,ZHAA,1.0,0.1818181818181818,dtw_aligned,arctic_b0434,0.0,0.1818181818181818
arctic_b0438,Chinese,BWC,1.0,0.0909090909090909,dtw_aligned,arctic_b0438,0.0909090909090909,0.0
arctic_b0438,Korean,HJK,1.0,0.0,dtw_aligned,arctic_b0438,0.0909090909090909,-0.0909090909090909
arctic_b0438,Vietnamese,HQTV,1.0,0.0,dtw_aligned,arctic_b0438,0.0909090909090909,-0.0909090909090909
arctic_b0438,Hindi,SVBI,1.0,0.0,dtw_aligned,arctic_b0438,0.0909090909090909,-0.0909090909090909
arctic_b0438,Arabic,ZHAA,1.0,0.0,dtw_aligned,arctic_b0438,0.0909090909090909,-0.0909090909090909
arctic_b0450,Chinese,BWC,1.0,0.0,dtw_aligned,arctic_b0450,0.1,-0.1
arctic_b0450,Korean,HJK,1.0,0.0,dtw_aligned,arctic_b0450,0.1,-0.1
arctic_b0450,Vietnamese,HQTV,1.0,0.2,dtw_aligned,arctic_b0450,0.1,0.1
arctic_b0450,Hindi,SVBI,1.0,0.0,dtw_aligned,arctic_b0450,0.1,-0.1
arctic_b0450,Arabic,ZHAA,1.0,0.0,dtw_aligned,arctic_b0450,0.1,-0.1
arctic_b0463,Chinese,BWC,1.0,0.1428571428571428,dtw_aligned,arctic_b0463,0.0,0.1428571428571428
arctic_b0463,Korean,HJK,1.0,0.0,dtw_aligned,arctic_b0463,0.0,0.0
arctic_b0463,Vietnamese,HQTV,1.0,0.0,dtw_aligned,arctic_b0463,0.0,0.0
arctic_b0463,Hindi,SVBI,1.0,0.0,dtw_aligned,arctic_b0463,0.0,0.0
arctic_b0463,Arabic,ZHAA,1.0,0.0,dtw_aligned,arctic_b0463,0.0,0.0
arctic_b0472,Chinese,BWC,1.0,0.1111111111111111,dtw_aligned,arctic_b0472,0.0,0.1111111111111111
arctic_b0472,Korean,HJK,1.0,0.1111111111111111,dtw_aligned,arctic_b0472,0.0,0.1111111111111111
arctic_b0472,Vietnamese,HQTV,1.0,0.1111111111111111,dtw_aligned,arctic_b0472,0.0,0.1111111111111111
arctic_b0472,Hindi,SVBI,1.0,0.0,dtw_aligned,arctic_b0472,0.0,0.0
arctic_b0472,Arabic,ZHAA,1.0,0.4444444444444444,dtw_aligned,arctic_b0472,0.0,0.4444444444444444
arctic_b0483,Chinese,BWC,1.0,0.1,dtw_aligned,arctic_b0483,0.0,0.1
arctic_b0483,Korean,HJK,1.0,0.0,dtw_aligned,arctic_b0483,0.0,0.0
arctic_b0483,Vietnamese,HQTV,1.0,0.4,dtw_aligned,arctic_b0483,0.0,0.4
arctic_b0483,Hindi,SVBI,1.0,0.0,dtw_aligned,arctic_b0483,0.0,0.0
arctic_b0483,Arabic,ZHAA,1.0,0.0,dtw_aligned,arctic_b0483,0.0,0.0
arctic_b0485,Chinese,BWC,1.0,0.0,dtw_aligned,arctic_b0485,0.0,0.0
arctic_b0485,Korean,HJK,1.0,0.0,dtw_aligned,arctic_b0485,0.0,0.0
arctic_b0485,Vietnamese,HQTV,1.0,0.0,dtw_aligned,arctic_b0485,0.0,0.0
arctic_b0485,Hindi,SVBI,1.0,0.1111111111111111,dtw_aligned,arctic_b0485,0.0,0.1111111111111111
arctic_b0485,Arabic,ZHAA,1.0,0.2222222222222222,dtw_aligned,arctic_b0485,0.0,0.2222222222222222
arctic_b0489,Chinese,BWC,1.0,0.1,dtw_aligned,arctic_b0489,0.1,0.0
arctic_b0489,Korean,HJK,1.0,0.2,dtw_aligned,arctic_b0489,0.1,0.1
arctic_b0489,Vietnamese,HQTV,1.0,0.1,dtw_aligned,arctic_b0489,0.1,0.0
arctic_b0489,Hindi,SVBI,1.0,0.0,dtw_aligned,arctic_b0489,0.1,-0.1
arctic_b0489,Arabic,ZHAA,1.0,0.1,dtw_aligned,arctic_b0489,0.1,0.0
arctic_b0495,Chinese,BWC,1.0,0.3333333333333333,dtw_aligned,arctic_b0495,0.1666666666666666,0.1666666666666667
arctic_b0495,Korean,HJK,1.0,0.3333333333333333,dtw_aligned,arctic_b0495,0.1666666666666666,0.1666666666666667
arctic_b0495,Vietnamese,HQTV,1.0,0.25,dtw_aligned,arctic_b0495,0.1666666666666666,0.0833333333333334
arctic_b0495,Hindi,SVBI,1.0,0.3333333333333333,dtw_aligned,arctic_b0495,0.1666666666666666,0.1666666666666667
arctic_b0495,Arabic,ZHAA,1.0,0.3333333333333333,dtw_aligned,arctic_b0495,0.1666666666666666,0.1666666666666667
arctic_b0503,Chinese,BWC,1.0,0.1,dtw_aligned,arctic_b0503,0.0,0.1
arctic_b0503,Spanish,EBVS,1.0,0.3,dtw_aligned,arctic_b0503,0.0,0.3
arctic_b0503,Korean,HJK,1.0,0.0,dtw_aligned,arctic_b0503,0.0,0.0
arctic_b0503,Vietnamese,HQTV,1.0,0.0,dtw_aligned,arctic_b0503,0.0,0.0
arctic_b0503,Hindi,SVBI,1.0,0.2,dtw_aligned,arctic_b0503,0.0,0.2
arctic_b0503,Arabic,ZHAA,1.0,0.1,dtw_aligned,arctic_b0503,0.0,0.1
arctic_b0523,Chinese,BWC,1.0,0.2,dtw_aligned,arctic_b0523,0.0,0.2
arctic_b0523,Korean,HJK,1.0,0.1,dtw_aligned,arctic_b0523,0.0,0.1
arctic_b0523,Vietnamese,HQTV,1.0,0.1,dtw_aligned,arctic_b0523,0.0,0.1
arctic_b0523,Hindi,SVBI,1.0,0.1,dtw_aligned,arctic_b0523,0.0,0.1
arctic_b0523,Arabic,ZHAA,1.0,0.0,dtw_aligned,arctic_b0523,0.0,0.0
arctic_b0528,Chinese,BWC,1.0,0.1666666666666666,dtw_aligned,arctic_b0528,0.0,0.1666666666666666
arctic_b0528,Korean,HJK,1.0,0.0,dtw_aligned,arctic_b0528,0.0,0.0
arctic_b0528,Vietnamese,HQTV,1.0,0.0,dtw_aligned,arctic_b0528,0.0,0.0
arctic_b0528,Hindi,SVBI,1.0,0.0,dtw_aligned,arctic_b0528,0.0,0.0
arctic_b0528,Arabic,ZHAA,1.0,0.0,dtw_aligned,arctic_b0528,0.0,0.0
arctic_b0537,Chinese,BWC,1.0,0.5,dtw_aligned,arctic_b0537,0.0,0.5
arctic_b0537,Korean,HJK,1.0,0.1666666666666666,dtw_aligned,arctic_b0537,0.0,0.1666666666666666
arctic_b0537,Vietnamese,HQTV,1.0,0.1666666666666666,dtw_aligned,arctic_b0537,0.0,0.1666666666666666
arctic_b0537,Hindi,SVBI,1.0,0.1666666666666666,dtw_aligned,arctic_b0537,0.0,0.1666666666666666
arctic_b0537,Arabic,ZHAA,1.0,0.3333333333333333,dtw_aligned,arctic_b0537,0.0,0.3333333333333333
arctic_b0538,Chinese,BWC,1.0,0.1428571428571428,dtw_aligned,arctic_b0538,0.1428571428571428,0.0
arctic_b0538,Spanish,EBVS,1.0,0.0,dtw_aligned,arctic_b0538,0.1428571428571428,-0.1428571428571428
arctic_b0538,Korean,HJK,1.0,0.0,dtw_aligned,arctic_b0538,0.1428571428571428,-0.1428571428571428
arctic_b0538,Vietnamese,HQTV,1.0,0.5714285714285714,dtw_aligned,arctic_b0538,0.1428571428571428,0.4285714285714286
arctic_b0538,Hindi,SVBI,1.0,0.0,dtw_aligned,arctic_b0538,0.1428571428571428,-0.1428571428571428
arctic_b0538,Arabic,ZHAA,1.0,0.1428571428571428,dtw_aligned,arctic_b0538,0.1428571428571428,0.0
